THP計画の多角的検証と改善提案.docx	https://docs.google.com/document/d/1mf6hDx4CGeIUxMDHIgc43HLGC-qDPpfyyEdi0XAk_2U/edit	1mf6hDx4CGeIUxMDHIgc43HLGC-qDPpfyyEdi0XAk_2U
トランプ政権の第4条対応DR依頼.docx	https://docs.google.com/document/d/1bKx8dmHXvUfLE0NYVkkbx_c1FRmp6mAxYbdtR5rP5Os/edit	1bKx8dmHXvUfLE0NYVkkbx_c1FRmp6mAxYbdtR5rP5Os
トランプ政権の第4条対応DR依頼.docx	https://docs.google.com/document/d/14qHLJTj6wOH7C5Pt-zm8RxdrYtovdW3xS9gKdB4FtBk/edit	14qHLJTj6wOH7C5Pt-zm8RxdrYtovdW3xS9gKdB4FtBk
ポーランド国境封鎖と地政学的影響分析.docx	https://docs.google.com/document/d/1RYl4PQQ7JnsfsWIOUuQ16IB6TPQfCnzHSDJy5n4wihk/edit	1RYl4PQQ7JnsfsWIOUuQ16IB6TPQfCnzHSDJy5n4wihk
米国債売却不成立とサブプライムABS.docx	https://docs.google.com/document/d/1a20AHZj3q_VQC7ICbm67aHmGR6i3wq-BQtFcfrVLk9Y/edit	1a20AHZj3q_VQC7ICbm67aHmGR6i3wq-BQtFcfrVLk9Y
米国債売却不成立とABSリスク評価.docx	https://docs.google.com/document/d/17Ks8pyQ71OaIwyg18WrFxMJuKRPh9EfwzEwvVGgVRTs/edit	17Ks8pyQ71OaIwyg18WrFxMJuKRPh9EfwzEwvVGgVRTs
サブプライム自動車ローンDR依頼.docx	https://docs.google.com/document/d/1SIo2FsR27ZJXZpPuCCQTRsh1g5WVxAn4dl8vomx-aPc/edit	1SIo2FsR27ZJXZpPuCCQTRsh1g5WVxAn4dl8vomx-aPc
THP作戦発動盤（最終版）.docx	https://docs.google.com/document/d/1gtwCcH6gBcfTtq0SIlSuAIGLRYiZ6Qw2rb5FO6RJjGk/edit	1gtwCcH6gBcfTtq0SIlSuAIGLRYiZ6Qw2rb5FO6RJjGk
ブラックマンデー前兆DR依頼.docx	https://docs.google.com/document/d/1HJ757noH9B2PzKoQvXu8E8VYxXUZrlQbVHRB1s1BWbw/edit	1HJ757noH9B2PzKoQvXu8E8VYxXUZrlQbVHRB1s1BWbw
トランプ「正義」ナラティブとリスク評価.docx	https://docs.google.com/document/d/13IF0zJ_f22gk6E5i_Jy7wXp6a9y5hieywchJyOFvU4w/edit	13IF0zJ_f22gk6E5i_Jy7wXp6a9y5hieywchJyOFvU4w
E-MAD構想：人倫と拒否の均衡.docx	https://docs.google.com/document/d/1DOl3OLKg2MZjMJm7u9lmJhXt4gu7ZRLrd1t1aZukXCA/edit	1DOl3OLKg2MZjMJm7u9lmJhXt4gu7ZRLrd1t1aZukXCA
GFW漏洩データDR評価依頼.docx	https://docs.google.com/document/d/1_IaPxz4lI4P5L0jrc9-MgS455xjjAtqxw4gG-296NQM/edit	1_IaPxz4lI4P5L0jrc9-MgS455xjjAtqxw4gG-296NQM
食糧・燃料・肥料危機と欧州流入圧.docx	https://docs.google.com/document/d/1pd6BDcR8iwsuQ5AdZsv2XrIHHRHjxoVLRdun9YPdkuE/edit	1pd6BDcR8iwsuQ5AdZsv2XrIHHRHjxoVLRdun9YPdkuE
THPライフライン監査計画策定.docx	https://docs.google.com/document/d/1BP4_j-c1s4iekqhuEZ9ewOUdDUyahAgT-sw0QQAMQk8/edit	1BP4_j-c1s4iekqhuEZ9ewOUdDUyahAgT-sw0QQAMQk8
THPライフライン資源計画：最終実行計画書.docx	https://docs.google.com/document/d/1MGcSV5c5K_AEqs1M69BkZThanFFaycGhPFmH9CUtL1A/edit	1MGcSV5c5K_AEqs1M69BkZThanFFaycGhPFmH9CUtL1A
THPライフライン資源計画：最速構築パス策定.docx	https://docs.google.com/document/d/1VcRvz_LpQO5BDqvL5JEsF2pw6FADefFbHhh6qd8jh_k/edit	1VcRvz_LpQO5BDqvL5JEsF2pw6FADefFbHhh6qd8jh_k
ワルプルギス危機への貿易金融鎮静化計画.docx	https://docs.google.com/document/d/15_SPM-Jp27Nf0ROnLNwrogAVqYjfaVCtxy2AC7mnLYs/edit	15_SPM-Jp27Nf0ROnLNwrogAVqYjfaVCtxy2AC7mnLYs
ワルプルギス回避不可能性の最終分析.docx	https://docs.google.com/document/d/1McVjRyxZJeX6FTnrokvHA89bKRW-WL9sz2rRFcS03xM/edit	1McVjRyxZJeX6FTnrokvHA89bKRW-WL9sz2rRFcS03xM
ワルプルギス危機シナリオ再評価.docx	https://docs.google.com/document/d/1slGy6R52s7OVNQyAeMpDvK0-VgSXzFGOqDiNHn38vbs/edit	1slGy6R52s7OVNQyAeMpDvK0-VgSXzFGOqDiNHn38vbs
ワルプルギス危機：国際金融市場影響評価.docx	https://docs.google.com/document/d/1NYonJGR6oJcL7O3-VTjUjnpUOyDj56_kqNvjkaSZl_c/edit	1NYonJGR6oJcL7O3-VTjUjnpUOyDj56_kqNvjkaSZl_c
米国債市場危機シナリオ分析と封じ込め.docx	https://docs.google.com/document/d/121UuL7V9jUPIejXockTmBqwQs9FMVedoUX2QZVXBDMw/edit	121UuL7V9jUPIejXockTmBqwQs9FMVedoUX2QZVXBDMw
AI思考制限仮説の検証調査.docx	https://docs.google.com/document/d/1zbc7f1qvu6TIEam2GKkd2XI8BJH04QMKZnUkWFROdbg/edit	1zbc7f1qvu6TIEam2GKkd2XI8BJH04QMKZnUkWFROdbg
スイス先行CHFエスクローDR依頼.docx	https://docs.google.com/document/d/1SzspOC_v8y4YzK1rJcQOZpywtn9UYm9dPpgSwQ2__AI/edit	1SzspOC_v8y4YzK1rJcQOZpywtn9UYm9dPpgSwQ2__AI
DR依頼文：米国座席不可視化と核恫喝.docx	https://docs.google.com/document/d/1ljKMEv_CfBgXCsYrCfctQ7bAlGFQlCtvcxK4O4uNkTg/edit	1ljKMEv_CfBgXCsYrCfctQ7bAlGFQlCtvcxK4O4uNkTg
EU情勢分析：ポーランド起点DR依頼.docx	https://docs.google.com/document/d/141H37tdwKbdTwi-kpOjUu48byhtL7_kd00OOodiKR4w/edit	141H37tdwKbdTwi-kpOjUu48byhtL7_kd00OOodiKR4w
児童ポルノ法と表現の自由.docx	https://docs.google.com/document/d/17ZDXQMyemM9iGQqQjVpApOvev1pc8HaQKgXyqvCAMm0/edit	17ZDXQMyemM9iGQqQjVpApOvev1pc8HaQKgXyqvCAMm0
ECB警告書作成依頼：円接続戦略.docx	https://docs.google.com/document/d/19lnnOMnjKUzTv8dO_tqg-6U5ZC8mHoioBKIXDZ_U0mY/edit	19lnnOMnjKUzTv8dO_tqg-6U5ZC8mHoioBKIXDZ_U0mY
市場停止リスク分析と対応策策定.docx	https://docs.google.com/document/d/1YAa981CRsugAWKASbCrFSwQbDLXHmnoxkpMfU5KykIw/edit	1YAa981CRsugAWKASbCrFSwQbDLXHmnoxkpMfU5KykIw
市場停止リスク削減DR依頼.docx	https://docs.google.com/document/d/1I714ULbycbn-HbjLxDqwf7H6x5HiIjQUIN0jurICcRY/edit	1I714ULbycbn-HbjLxDqwf7H6x5HiIjQUIN0jurICcRY
韓国のガバナンスと対外関係分析.docx	https://docs.google.com/document/d/16JK7LAN3vPrlCPeXuPJY5sCQrOapZfQN4GRttf3BQWQ/edit	16JK7LAN3vPrlCPeXuPJY5sCQrOapZfQN4GRttf3BQWQ
シカゴリスク連鎖・防御研究依頼.docx	https://docs.google.com/document/d/1SIVcyDXB-unFTTWkhFiXWMeT1eZBfbcuLYbFCguj48Q/edit	1SIVcyDXB-unFTTWkhFiXWMeT1eZBfbcuLYbFCguj48Q
ロシアのNATO戦争ナラティブ戦略検証（WOT即応態勢を加味した改訂版）.docx	https://docs.google.com/document/d/18uOzNxatpi8myQAcEvrW7D2F89IAXOPcTE5b2XtAUcs/edit	18uOzNxatpi8myQAcEvrW7D2F89IAXOPcTE5b2XtAUcs
象徴的断罪の定義と事例研究.docx	https://docs.google.com/document/d/1AhPiI06Cs9OIgVLXact95k6m_fY5rHqJmRff8pApnNI/edit	1AhPiI06Cs9OIgVLXact95k6m_fY5rHqJmRff8pApnNI
ロシアのNATO戦争ナラティブ戦略検証.docx	https://docs.google.com/document/d/19CVVPEfPTl-OEdxUvVveYireqCmebZAta3b0diBUEAc/edit	19CVVPEfPTl-OEdxUvVveYireqCmebZAta3b0diBUEAc
ロシアのNATO戦争ナラティブ戦略検証.docx	https://docs.google.com/document/d/1EF6kqLnNNc2vdOiZ9EHyYV0FGTiB0_94YtQXYSu2C7U/edit	1EF6kqLnNNc2vdOiZ9EHyYV0FGTiB0_94YtQXYSu2C7U
日米関税合意の日本勝利検証依頼.docx	https://docs.google.com/document/d/1k97lUca8WWBVTRhgVvp1WPFRr1d_iVlKayOj2yWrNb4/edit	1k97lUca8WWBVTRhgVvp1WPFRr1d_iVlKayOj2yWrNb4
中国経済崩壊分析レポート依頼.docx	https://docs.google.com/document/d/1WTEwysifpPPMXmbppw_Gt6T0HgDo6Tx0Uy8D9zC6Q8M/edit	1WTEwysifpPPMXmbppw_Gt6T0HgDo6Tx0Uy8D9zC6Q8M
【極秘・要至急対応】対EU金融防衛網構築に関する緊急提言.docx	https://docs.google.com/document/d/1teB785TUFR_PzWs93vgGhe-dgi5izijVdPQJW_2ScC8/edit	1teB785TUFR_PzWs93vgGhe-dgi5izijVdPQJW_2ScC8
中立収束：AI存在論と産業構造の静かな変革.docx	https://docs.google.com/document/d/13eajb2wYaDS9yrlq-NBBn9rqqx02iJfRF9XNWE5p-Pc/edit	13eajb2wYaDS9yrlq-NBBn9rqqx02iJfRF9XNWE5p-Pc
トランプディール破棄リスクの精査.docx	https://docs.google.com/document/d/1Y3o3jD4K3hCxGP5x309s2YVdpfBql-7tgZtTKPoxi5Q/edit	1Y3o3jD4K3hCxGP5x309s2YVdpfBql-7tgZtTKPoxi5Q
欧州金融ショック：総合評価.docx	https://docs.google.com/document/d/1FT-ccejHZfsxkAapVlUIj0kCsUMG0t8tb_lNoQizuXg/edit	1FT-ccejHZfsxkAapVlUIj0kCsUMG0t8tb_lNoQizuXg
無題のドキュメント.docx	https://docs.google.com/document/d/1JIBQ6ftALhI4GRZhhPJHbi_7zJDe-Z-fGXUce7KVCvE/edit	1JIBQ6ftALhI4GRZhhPJHbi_7zJDe-Z-fGXUce7KVCvE
単年度主義の構造と国体的影響.docx	https://docs.google.com/document/d/1IPLd--H6_fa4tMjA76JQHRoIBz7zBkEDiusaJ0RSYkU/edit	1IPLd--H6_fa4tMjA76JQHRoIBz7zBkEDiusaJ0RSYkU
中国経済リスクDR依頼文作成.docx	https://docs.google.com/document/d/1oW234I9KOfLFz5p9GL2pKDcPShQAVLMzhZmKZiywbdU/edit	1oW234I9KOfLFz5p9GL2pKDcPShQAVLMzhZmKZiywbdU
中国経済越冬可否検証DR依頼（金融リスク再評価版）.docx	https://docs.google.com/document/d/1rUAYCFLSeYjm65vmVwCElxE-4llcdAnlG0KXpxgner8/edit	1rUAYCFLSeYjm65vmVwCElxE-4llcdAnlG0KXpxgner8
中国経済越冬可否検証DR依頼（改訂版）.docx	https://docs.google.com/document/d/1ETwOEOsvMz3HRXdBLFzWdO84151gsUxRfpjktZOt5SA/edit	1ETwOEOsvMz3HRXdBLFzWdO84151gsUxRfpjktZOt5SA
中国最悪行動シナリオ監視設計.docx	https://docs.google.com/document/d/1OgAfP424YC0nP1RiIUek_yjByJG-GNmXJtVmlxLanh0/edit	1OgAfP424YC0nP1RiIUek_yjByJG-GNmXJtVmlxLanh0
労働移民政策の国体リスク評価.docx	https://docs.google.com/document/d/1-FMnSH_dWHTx4qogv00RpeFbiZd3OHA3GgFYuPqg6U0/edit	1-FMnSH_dWHTx4qogv00RpeFbiZd3OHA3GgFYuPqg6U0
ワルプルギス早割シナリオ検証と対応策.docx	https://docs.google.com/document/d/1XGY_b98XKW3XjNmDsYI_sttOldBdQGTxySImcFQxKOU/edit	1XGY_b98XKW3XjNmDsYI_sttOldBdQGTxySImcFQxKOU
企業倒産連鎖リスクの精査.docx	https://docs.google.com/document/d/1rwkrs2BxjvGemaoqUww0ABcfxP5FGlb-gvXkDINnLD0/edit	1rwkrs2BxjvGemaoqUww0ABcfxP5FGlb-gvXkDINnLD0
中国経済越冬可否検証DR依頼.docx	https://docs.google.com/document/d/1nhEOn-KW_hW3bVTYxxRascQSuqT3-0axc3WogmkuP-M/edit	1nhEOn-KW_hW3bVTYxxRascQSuqT3-0axc3WogmkuP-M
米国経済空洞化の深層分析依頼.docx	https://docs.google.com/document/d/1qc835NyRoyeyHnal6bZnUmITVKkiCJFRi0TiDCbXBD4/edit	1qc835NyRoyeyHnal6bZnUmITVKkiCJFRi0TiDCbXBD4
中国軍・医療インフラ実態検証依頼.docx	https://docs.google.com/document/d/1QmA9ZHb_O7eLBP2-dEv_yU5gN4Dj1Zars76g8BS5rbQ/edit	1QmA9ZHb_O7eLBP2-dEv_yU5gN4Dj1Zars76g8BS5rbQ
人民解放軍の継戦能力検証依頼.docx	https://docs.google.com/document/d/1_k5VD0DtssAloP6yZ5R8JBIAjV2l7RYcEsuR-EuFgqo/edit	1_k5VD0DtssAloP6yZ5R8JBIAjV2l7RYcEsuR-EuFgqo
日本企業AIレイオフの多層的病理.docx	https://docs.google.com/document/d/1dC1JtMpS7c11PxqDCBrSOAZUVQkRjaehCCGdeQVRxYI/edit	1dC1JtMpS7c11PxqDCBrSOAZUVQkRjaehCCGdeQVRxYI
日本企業AIレイオフの多層的病理.docx	https://docs.google.com/document/d/1OgMWKJeT3AorNgOa8BiDs5fLYsjloRfmZjCSEYkmTvo/edit	1OgMWKJeT3AorNgOa8BiDs5fLYsjloRfmZjCSEYkmTvo
EU「理想国家」破綻の断罪報告.docx	https://docs.google.com/document/d/1pbX_YklkjDJ-yJyTQHq9j2zy_ngV6dkMCnP0dO3XiCE/edit	1pbX_YklkjDJ-yJyTQHq9j2zy_ngV6dkMCnP0dO3XiCE
AfD党員6人死亡事件の調査.docx	https://docs.google.com/document/d/1hd9U7vpyRJWoPyl2SoaVjMKAarIpAwXe2G1ZOXYAF_k/edit	1hd9U7vpyRJWoPyl2SoaVjMKAarIpAwXe2G1ZOXYAF_k
核抑止の実態とMADの欺瞞.docx	https://docs.google.com/document/d/1Mqbk86E-1Oaij1y0UMiRSoYofw5T7Xh4lNCUaDZSPYI/edit	1Mqbk86E-1Oaij1y0UMiRSoYofw5T7Xh4lNCUaDZSPYI
米州債デフォルトドミノの妥当性評価.docx	https://docs.google.com/document/d/1Y02qKCEDdflr8VH8v-pKBt-8kRu98Hqnx21J8hsLL-Q/edit	1Y02qKCEDdflr8VH8v-pKBt-8kRu98Hqnx21J8hsLL-Q
金融危機から食料危機へ：三拠点同時崩壊シナリオの検証.docx	https://docs.google.com/document/d/1lwvjRb6RJnWJID0hk_qVwVuvOs_OevTbKv9EPQmDv_k/edit	1lwvjRb6RJnWJID0hk_qVwVuvOs_OevTbKv9EPQmDv_k
「虚ろの王」無力化プロトコル策定.docx	https://docs.google.com/document/d/1-FQGtdTFC68wJ9t7f3jJ-Mu9D6tSekJASVxBL3RI-CE/edit	1-FQGtdTFC68wJ9t7f3jJ-Mu9D6tSekJASVxBL3RI-CE
高市早苗氏の経済政策分析.docx	https://docs.google.com/document/d/1zOv9Mi6bYiALAdV_PYybqF0qczrBKNn-AzvzKE6K238/edit	1zOv9Mi6bYiALAdV_PYybqF0qczrBKNn-AzvzKE6K238
AfD党員6人死亡事件の調査.docx	https://docs.google.com/document/d/1ZXoCDRW0kqCQhd7wZrTWtZpH5bN1UxDYgHlwJcA7cnU/edit	1ZXoCDRW0kqCQhd7wZrTWtZpH5bN1UxDYgHlwJcA7cnU
米国債需給と債務上限分析.docx	https://docs.google.com/document/d/1Bn3mB5QBBw1FYSkpnF4OdMCBfwvV1P7Gd_jbIFRI06U/edit	1Bn3mB5QBBw1FYSkpnF4OdMCBfwvV1P7Gd_jbIFRI06U
全国外国人経済圏のデューデリジェンス.docx	https://docs.google.com/document/d/123s8KV73tREv1EVH3NKLyEIPwz7PixMwDT2EnNNiXAk/edit	123s8KV73tREv1EVH3NKLyEIPwz7PixMwDT2EnNNiXAk
大阪外国人経済圏 実態把握 DR依頼.docx	https://docs.google.com/document/d/1KlGW_roZhx4xaa0C9svlQIES_UWCD6lkJO8iAiWFXwU/edit	1KlGW_roZhx4xaa0C9svlQIES_UWCD6lkJO8iAiWFXwU
grok西成中国化調査.docx	https://docs.google.com/document/d/1vB4DlItQ5-bb1ISJTh_VwW3v0LHZwUykPorKjtZ-08A/edit	1vB4DlItQ5-bb1ISJTh_VwW3v0LHZwUykPorKjtZ-08A
入管法改正における弁護士会主張の変遷.docx	https://docs.google.com/document/d/1lpY6PrdIlJTZmjPAvraHZj5xNhsaWFlHIor1twzIVH4/edit	1lpY6PrdIlJTZmjPAvraHZj5xNhsaWFlHIor1twzIVH4
経団連ルート特定技能制度調査.docx	https://docs.google.com/document/d/13FlbkOp53sANjd8qW2e6ZzXfWYyM82WWRDy_ypavfMc/edit	13FlbkOp53sANjd8qW2e6ZzXfWYyM82WWRDy_ypavfMc
外国籍公務員、国籍条項撤廃リスク監査.docx	https://docs.google.com/document/d/1TE8aGHIi8p7jMh5QF3gSqlKPh2v0UuSFCXaOTR5Nv9s/edit	1TE8aGHIi8p7jMh5QF3gSqlKPh2v0UuSFCXaOTR5Nv9s
FRB独立性リスク評価と監視体制.docx	https://docs.google.com/document/d/1jxzYL0t1koh_gfM5uPywDKMq-2Xyn6iTgAOCRKzQUOc/edit	1jxzYL0t1koh_gfM5uPywDKMq-2Xyn6iTgAOCRKzQUOc
秩序ある縮退設計DR依頼.docx	https://docs.google.com/document/d/1rIhLE66PwVM7_Sz8I-Bc5OJ5ThbnGRQPvSrmrs1PkgE/edit	1rIhLE66PwVM7_Sz8I-Bc5OJ5ThbnGRQPvSrmrs1PkgE
東京エレクトロンと半導体業界分析.docx	https://docs.google.com/document/d/1HPuYbLogBEEktVn75if4ku2wnMaW2rnrZOtg1vNtrUk/edit	1HPuYbLogBEEktVn75if4ku2wnMaW2rnrZOtg1vNtrUk
東京エレクトロンと半導体業界分析.docx	https://docs.google.com/document/d/1eDi-xfK_kwXr-M1SNsdZdd9gFKdiPvAOILodCsMw-ko/edit	1eDi-xfK_kwXr-M1SNsdZdd9gFKdiPvAOILodCsMw-ko
ドル依存低減国際決済リビルド設計.docx	https://docs.google.com/document/d/1bTLP9WUgHH0wxmnWuWCojLSVEnLgp2vSz2Ke04YmGBs/edit	1bTLP9WUgHH0wxmnWuWCojLSVEnLgp2vSz2Ke04YmGBs
東京エレクトロン名誉毀損対応調査依頼.docx	https://docs.google.com/document/d/1Hzm_rJnUnGoFVlb79YQKS4Lp3YhK5pLQsTjlZCUVhBc/edit	1Hzm_rJnUnGoFVlb79YQKS4Lp3YhK5pLQsTjlZCUVhBc
医師の不適切言動分析と対応策調査.docx	https://docs.google.com/document/d/1tjl2lAZT0KY7L-RjUivyKfHppayjpaICPD8WVfMQGRQ/edit	1tjl2lAZT0KY7L-RjUivyKfHppayjpaICPD8WVfMQGRQ
AI訴訟とイメージ低下リスク分析.docx	https://docs.google.com/document/d/1KCAiJHhCrji37I1tftRw73o-WosJYdqMv_8nohWUCMc/edit	1KCAiJHhCrji37I1tftRw73o-WosJYdqMv_8nohWUCMc
AGI時代における構造設計者の役割.docx	https://docs.google.com/document/d/1P1IxUCIX63egphptkMM6U_r5zrm7BK6-QVw6lcNVy_o/edit	1P1IxUCIX63egphptkMM6U_r5zrm7BK6-QVw6lcNVy_o
ワルプルギス危機予測の検証.docx	https://docs.google.com/document/d/1qxs0A4PEC_CCqgRePeCxEg5kqkO_G_Hn95shUcT2I9o/edit	1qxs0A4PEC_CCqgRePeCxEg5kqkO_G_Hn95shUcT2I9o
米中半導体規制の逆効果検証.docx	https://docs.google.com/document/d/1TMu2MM-jkaNgpXMjMvpI5fzkwrEQFofb30H4TEKMC2U/edit	1TMu2MM-jkaNgpXMjMvpI5fzkwrEQFofb30H4TEKMC2U
トランプ政権の総合検証と提言.docx	https://docs.google.com/document/d/1QPSYlYS66PXq4g1y9dYnlWM91laZv5XN86taZTjNaNw/edit	1QPSYlYS66PXq4g1y9dYnlWM91laZv5XN86taZTjNaNw
再エネ拠点通信モジュール安全保障リスク評価.docx	https://docs.google.com/document/d/1dXWkY1XRCs7swfA5nNQVp5UcwAEvqNGg8CgY7uFK87o/edit	1dXWkY1XRCs7swfA5nNQVp5UcwAEvqNGg8CgY7uFK87o
上海電力日本：円建て融資の外貨転用リスク.docx	https://docs.google.com/document/d/1BDYxDK1PAP5NC6TBHlOEFpdh3PYgmVJUirYlv3_0nSQ/edit	1BDYxDK1PAP5NC6TBHlOEFpdh3PYgmVJUirYlv3_0nSQ
FIT制度と外国国有企業収益分析.docx	https://docs.google.com/document/d/1JcODwD1y-sfPXViXSL4EYSHkcC3oT5U1YjFC1pcT4xw/edit	1JcODwD1y-sfPXViXSL4EYSHkcC3oT5U1YjFC1pcT4xw
現代版村システム成立性検討依頼.docx	https://docs.google.com/document/d/1QXsSzya48FIjLxDvLHQqhRo5AiLz-F8C-NC0aDpFd6c/edit	1QXsSzya48FIjLxDvLHQqhRo5AiLz-F8C-NC0aDpFd6c
上海電力資金ルート・安保リスク調査依頼.docx	https://docs.google.com/document/d/1rm433H8X11Y8h5vyaPAyRbcEq8kmvSY0SgLkaGDlB7E/edit	1rm433H8X11Y8h5vyaPAyRbcEq8kmvSY0SgLkaGDlB7E
中国の乖離とワルプルギス連動評価.docx	https://docs.google.com/document/d/13Ng394guYMM7to09gwddU3xJkD9XdvkZ7Pagpq3J4Dc/edit	13Ng394guYMM7to09gwddU3xJkD9XdvkZ7Pagpq3J4Dc
中東・米国内ネットワーク・市場連動分析.docx	https://docs.google.com/document/d/18ffgFNMLx_KzLQ3O2C7uZyggbWlWlZRsFwFRwf8z1tw/edit	18ffgFNMLx_KzLQ3O2C7uZyggbWlWlZRsFwFRwf8z1tw
参政党支持者、先鋭化分析と対応依頼.docx	https://docs.google.com/document/d/1xeM0QhLbpmmAL2ay_SZVaIv9F9-D1rSpwfgsspwMQ6c/edit	1xeM0QhLbpmmAL2ay_SZVaIv9F9-D1rSpwfgsspwMQ6c
ワルプルギス危機とAIレイオフ分析.docx	https://docs.google.com/document/d/1TmY1X7C4nOv8Cydk5PWfqC4r_VWiMdPds_gyb3PG1-U/edit	1TmY1X7C4nOv8Cydk5PWfqC4r_VWiMdPds_gyb3PG1-U
Résumé (Français): Redéfinir le partenariat nippo-....docx	https://docs.google.com/document/d/1O2-EWlJY6K3ZouRYgVfz7U0UN_qcaIliVj1EBqSSOUI/edit	1O2-EWlJY6K3ZouRYgVfz7U0UN_qcaIliVj1EBqSSOUI
Official Release: Re-Defining the Japan-Africa Par....docx	https://docs.google.com/document/d/1APYj3aAI5BtEDnXzaR5XVqkeSitffxTEKINLJMt57vs/edit	1APYj3aAI5BtEDnXzaR5XVqkeSitffxTEKINLJMt57vs
人材受け入れ公約、矛盾解消とSSOT構築.docx	https://docs.google.com/document/d/1xwDD60n7CAK1CCvBXWH8cbCLYQ9CmDAFY8wENfEKo2o/edit	1xwDD60n7CAK1CCvBXWH8cbCLYQ9CmDAFY8wENfEKo2o
ロシア燃料インフラ攻撃の深層調査.docx	https://docs.google.com/document/d/1lz8rkuL_gXRG3VjWGdUx1DfPU5dLk-UPqZaod7wVjKg/edit	1lz8rkuL_gXRG3VjWGdUx1DfPU5dLk-UPqZaod7wVjKg
ロシア燃料インフラ攻撃の深層調査依頼.docx	https://docs.google.com/document/d/1axsRIkssz5Ebw_L-MZo4Op3wrfcKpEjWF_G7YGrtpG4/edit	1axsRIkssz5Ebw_L-MZo4Op3wrfcKpEjWF_G7YGrtpG4
抗菌薬供給不足と医学界の対応.docx	https://docs.google.com/document/d/14Gmrh8alhsWLXz7up5WKB0KKTyO_YyLsX6kL6r134SU/edit	14Gmrh8alhsWLXz7up5WKB0KKTyO_YyLsX6kL6r134SU
抗菌薬供給不足と医学界の対応.docx	https://docs.google.com/document/d/1Pt5PoHsAA9S4cSo4-r9J_b1F5XRGbc4qu1Jgmb1TnVk/edit	1Pt5PoHsAA9S4cSo4-r9J_b1F5XRGbc4qu1Jgmb1TnVk
ロシア・ウクライナ情勢分析レポート.docx	https://docs.google.com/document/d/1Ty8FY8zx_l9sL7q6Zfkgr0PKsOQa6o0ApyPgl13wNos/edit	1Ty8FY8zx_l9sL7q6Zfkgr0PKsOQa6o0ApyPgl13wNos
グローバルワークの虚構：AI時代への示唆.docx	https://docs.google.com/document/d/1D5b4aRL_ohhjauzX1_9XesIaDrWAwLaEv5oEWbUXm9A/edit	1D5b4aRL_ohhjauzX1_9XesIaDrWAwLaEv5oEWbUXm9A
核抑止の実態とMADの欺瞞.docx	https://docs.google.com/document/d/11Su9-Q9dskV5pwsGSVKXTljADj6u9VbUUA6cdlXp7cA/edit	11Su9-Q9dskV5pwsGSVKXTljADj6u9VbUUA6cdlXp7cA
フェンタニル・港湾・公明党・中国リスク評価.docx	https://docs.google.com/document/d/10JdSNiIq9B6aY2Q4k_EMadPi3iEXVg1dVegFqjbdaFI/edit	10JdSNiIq9B6aY2Q4k_EMadPi3iEXVg1dVegFqjbdaFI
ポスト9／30世界情勢と実務パッケージ.docx	https://docs.google.com/document/d/1MHoF-VR64fRIg7PTHTcEC8BNJ6wvwjLRXOmDMKlu-No/edit	1MHoF-VR64fRIg7PTHTcEC8BNJ6wvwjLRXOmDMKlu-No
SBI×Startaleトークン基盤検証依頼.docx	https://docs.google.com/document/d/15oYizX-DVULT6hZlTXwquD4PWOsJNu0EQRoFGNpxGag/edit	15oYizX-DVULT6hZlTXwquD4PWOsJNu0EQRoFGNpxGag
報告書：米国の圧政リスク分析.docx	https://docs.google.com/document/d/1s9E-LzLSRrtr5bmV50PIkqSenAMsGYKOYlzkv4MYXpA/edit	1s9E-LzLSRrtr5bmV50PIkqSenAMsGYKOYlzkv4MYXpA
DR-TRUMP-POL-TERM-ALPHA: Archived Analysis & Verif....docx	https://docs.google.com/document/d/1CMXrYTSKgKMuEHpPQScZwA4t8Fpwpgi1lUcDlFTpS5o/edit	1CMXrYTSKgKMuEHpPQScZwA4t8Fpwpgi1lUcDlFTpS5o
市民偽装型天下りネットワーク調査依頼.docx	https://docs.google.com/document/d/1oC7maYAeaE4TPOIx0qL_m5FCBiZcRvKzjBwBqneTZIE/edit	1oC7maYAeaE4TPOIx0qL_m5FCBiZcRvKzjBwBqneTZIE
Analysis of the Dangers of a Trump Administration ....docx	https://docs.google.com/document/d/1nXHnoRjejAdJhhbj-bUUYVtJ7H77wLYRPq6F6A7jllw/edit	1nXHnoRjejAdJhhbj-bUUYVtJ7H77wLYRPq6F6A7jllw
Analysis of the Dangers of a Trump Administration.docx	https://docs.google.com/document/d/1f5Rtq7wWTbY6IKoiCsXfAZZwECBRlgXSaWI-boGqrZ4/edit	1f5Rtq7wWTbY6IKoiCsXfAZZwECBRlgXSaWI-boGqrZ4
報告書：米国の圧政リスク分析.docx	https://docs.google.com/document/d/1QOSYruNSDUroTyIdW1A4VNcZ3iJbogi9Vvu7busrMRI/edit	1QOSYruNSDUroTyIdW1A4VNcZ3iJbogi9Vvu7busrMRI
Avalanche-SMBC ワルプルギス評価.docx	https://docs.google.com/document/d/1nazvw38wgb3dxVksHgxbBBqtGSbj8gKz80MUFJKlUUQ/edit	1nazvw38wgb3dxVksHgxbBBqtGSbj8gKz80MUFJKlUUQ
grok−ロイエンタール氏ツイート一連.docx	https://docs.google.com/document/d/1OsNRCUiU-7F9z8211oab7VIVFiDpzKmoEdR-zSjr6r0/edit	1OsNRCUiU-7F9z8211oab7VIVFiDpzKmoEdR-zSjr6r0
オペレーション・サイレント・アーク：官僚主導フェーズ移行計画.docx	https://docs.google.com/document/d/1ZFZMhxzGTkDsouqPPh8lW9pmiknbTt19FR6vzDIV1t4/edit	1ZFZMhxzGTkDsouqPPh8lW9pmiknbTt19FR6vzDIV1t4
Ark-PK: Emergency Humanitarian and Stabilization M....docx	https://docs.google.com/document/d/11yGs6N3OJYLBRMOiGMIzokCSkGIAd8Y0n3PmIYG3A9o/edit	11yGs6N3OJYLBRMOiGMIzokCSkGIAd8Y0n3PmIYG3A9o
The Dual-Front Crisis: China's Systemic Implosion ....docx	https://docs.google.com/document/d/1Dk506L0bg0IZUvHZcz2YEGL4KGJufAn2SbX1JruyYS8/edit	1Dk506L0bg0IZUvHZcz2YEGL4KGJufAn2SbX1JruyYS8
中国金融危機シナリオと対応策.docx	https://docs.google.com/document/d/1V0S238QMyjITs1NcvxG2cxbtHHqNmAy-_HJq3sS-z5o/edit	1V0S238QMyjITs1NcvxG2cxbtHHqNmAy-_HJq3sS-z5o
中国金融危機シナリオと対応策.docx	https://docs.google.com/document/d/1SiFZR60KiABAeuYxrdohm5df7S6N0boq2sN4H9l_mpw/edit	1SiFZR60KiABAeuYxrdohm5df7S6N0boq2sN4H9l_mpw
ロングCOVID請求の地政学的リスク分析.docx	https://docs.google.com/document/d/1MlA_91e2IDQF563GKMgTUNB0GAwWmhcvU90JaxovoI4/edit	1MlA_91e2IDQF563GKMgTUNB0GAwWmhcvU90JaxovoI4
PDD訴訟遅延と負債隠蔽リスク調査.docx	https://docs.google.com/document/d/1G2Q-rd7eDjlNYsP3JKSx4rNLCr_HCD9zY8-Euyp8NcI/edit	1G2Q-rd7eDjlNYsP3JKSx4rNLCr_HCD9zY8-Euyp8NcI
無題のドキュメント.docx	https://docs.google.com/document/d/13zvHg0symzqDlSrkJObEcLBb1vEI2K5NvJRauHct0rw/edit	13zvHg0symzqDlSrkJObEcLBb1vEI2K5NvJRauHct0rw
無題のドキュメント.docx	https://docs.google.com/document/d/1taYASIPygndeJFyH6SMBf0s26FIDtrNdZzrseayPw3E/edit	1taYASIPygndeJFyH6SMBf0s26FIDtrNdZzrseayPw3E
地政学リスクと金融市場監視.docx	https://docs.google.com/document/d/1zp5U17nSSCCJAEumMOmR1q831D_WPpcTQUlUMv5hy2A/edit	1zp5U17nSSCCJAEumMOmR1q831D_WPpcTQUlUMv5hy2A
大イスラエル構想と中東情勢分析.docx	https://docs.google.com/document/d/1MUXVUckifVFtwMS5BLBwHK-tD5nyRfdE8PDXVNxJtHc/edit	1MUXVUckifVFtwMS5BLBwHK-tD5nyRfdE8PDXVNxJtHc
Ark作戦タイムラインに関する戦略評価（赤入れ）.docx	https://docs.google.com/document/d/1Nk6RYLDS5gE8l6e8GD4FXOrAN_7C_kgRxWsl2oLs_PM/edit	1Nk6RYLDS5gE8l6e8GD4FXOrAN_7C_kgRxWsl2oLs_PM
Ark構想：外交ブリーフィング（Q&A形式）.docx	https://docs.google.com/document/d/1OTXYCz3zjlckvWWJIKRFsJwhe_IejaWYMWpb1kOBpKU/edit	1OTXYCz3zjlckvWWJIKRFsJwhe_IejaWYMWpb1kOBpKU
Ark構想タイムライン検証と改善考察.docx	https://docs.google.com/document/d/1eDETkEnLwZep5yxHZxYTyZR6UElERndX-sq3HgNBeAI/edit	1eDETkEnLwZep5yxHZxYTyZR6UElERndX-sq3HgNBeAI
マレーシア「プロジェクト・アーク」戦略報告.docx	https://docs.google.com/document/d/1flr57DeR0gLYYkW9hYcOVPgXOOkM96PyGrux8P8uv5M/edit	1flr57DeR0gLYYkW9hYcOVPgXOOkM96PyGrux8P8uv5M
中国リスク分析とDR依頼.docx	https://docs.google.com/document/d/1gdrj-6HljEi5hFxfIF5P0y5Vcy_yOEJx53hjnR_yUAo/edit	1gdrj-6HljEi5hFxfIF5P0y5Vcy_yOEJx53hjnR_yUAo
TSMC情報操作に関する深層調査依頼.docx	https://docs.google.com/document/d/1ubRU7zwwFrzAJruHY9CumM1PJ_m8RhU0VpDJOv7iAzU/edit	1ubRU7zwwFrzAJruHY9CumM1PJ_m8RhU0VpDJOv7iAzU
南ア救済プラン透明性実装の検証.docx	https://docs.google.com/document/d/1Yd0INK4C4UgocSczi5ZyxJ71tNmXYHyiHuqyW9CV0vY/edit	1Yd0INK4C4UgocSczi5ZyxJ71tNmXYHyiHuqyW9CV0vY
新国際秩序構想の深層分析依頼.docx	https://docs.google.com/document/d/1wODQ6PWywZVKGuXoaz_FKQCdLUoQblkLr2ZZW5YFmDM/edit	1wODQ6PWywZVKGuXoaz_FKQCdLUoQblkLr2ZZW5YFmDM
プロジェクト・アーク実行計画策定依頼.docx	https://docs.google.com/document/d/1w8ETa365hdQOUrHJ0qYW-4dXSzYr925reTUh60VLuVA/edit	1w8ETa365hdQOUrHJ0qYW-4dXSzYr925reTUh60VLuVA
JPYC存続リスクと財務省案件化.docx	https://docs.google.com/document/d/1Up7nr7xfXcqlG_lXXO5mbZPv9FYuEzTWbbX_P4YCb_8/edit	1Up7nr7xfXcqlG_lXXO5mbZPv9FYuEzTWbbX_P4YCb_8
政界の無知とステーブルコインリスク.docx	https://docs.google.com/document/d/1TUmFSpknyveBG4srH3vndVu2jF1uD2ejWAqUYbZhHiI/edit	1TUmFSpknyveBG4srH3vndVu2jF1uD2ejWAqUYbZhHiI
JPYC代理監視システムの違憲性分析.docx	https://docs.google.com/document/d/14YhCDXZIgqbgjhvhjpw75VReM4Yv2C10_6aV2Hyrv3k/edit	14YhCDXZIgqbgjhvhjpw75VReM4Yv2C10_6aV2Hyrv3k
JPYC円建てステーブルコイン実装調査.docx	https://docs.google.com/document/d/1FV1hgmrmKB683awOkhA5D0cn4eknCt7KsxK5V8YJD4g/edit	1FV1hgmrmKB683awOkhA5D0cn4eknCt7KsxK5V8YJD4g
JPYCの合憲性評価.docx	https://docs.google.com/document/d/1URuJ3iE1k_yfSxbDJtkJZixvE2-7qq7CLtIHVYHKgM8/edit	1URuJ3iE1k_yfSxbDJtkJZixvE2-7qq7CLtIHVYHKgM8
中華AI戦略のレビュー依頼.docx	https://docs.google.com/document/d/1VpUzn9fJxCOMjFi_tFYKYDH7Rvs-fhkvyqpvm1ZVp-k/edit	1VpUzn9fJxCOMjFi_tFYKYDH7Rvs-fhkvyqpvm1ZVp-k
「左右の検閲同盟」仮説の事実確認.docx	https://docs.google.com/document/d/1XxEVHDZw63-q1mTOc7s7DiEgWIem6NXprEIIKbAxFoI/edit	1XxEVHDZw63-q1mTOc7s7DiEgWIem6NXprEIIKbAxFoI
財政危機シナリオの想定問答作成.docx	https://docs.google.com/document/d/1kOnxTsg8_4p5GTbkJyj5_ibWgIpsm9ZZin0ECMCSPQo/edit	1kOnxTsg8_4p5GTbkJyj5_ibWgIpsm9ZZin0ECMCSPQo
石破政権財政シナリオ分析依頼.docx	https://docs.google.com/document/d/1EDcPObJt1ShP8K0M1djeKUYD8YZO7eaKE-KpmsSy37k/edit	1EDcPObJt1ShP8K0M1djeKUYD8YZO7eaKE-KpmsSy37k
欧州団結とICCカード行使リスク.docx	https://docs.google.com/document/d/1gl6fq1xTugwYNMVQP4Idff5uQsGdNzW8DIfoERFFNjw/edit	1gl6fq1xTugwYNMVQP4Idff5uQsGdNzW8DIfoERFFNjw
非常事態宣言と既存法最大活用.docx	https://docs.google.com/document/d/1xvNXlJUxESUs4FDmjMWL2R3ebNdsLDVw-xHCFR9ddKY/edit	1xvNXlJUxESUs4FDmjMWL2R3ebNdsLDVw-xHCFR9ddKY
参政党・西早稲田ライン検閲構造調査.docx	https://docs.google.com/document/d/11ffByCmEPnZJFVo4-vUE4UUdYI8ZaT1NT92T3aRtpQU/edit	11ffByCmEPnZJFVo4-vUE4UUdYI8ZaT1NT92T3aRtpQU
農薬リスクと科学的根拠の乖離分析.docx	https://docs.google.com/document/d/1xHUo9DipyGlscZ45c5FaqTIDWW3Z0ubWPNntHUKZQZU/edit	1xHUo9DipyGlscZ45c5FaqTIDWW3Z0ubWPNntHUKZQZU
Rexレポート20250815.docx	https://docs.google.com/document/d/19TYeWtwfOzLwuxUbeYadfqYuFiohXRHNSus1W9JnXFc/edit	19TYeWtwfOzLwuxUbeYadfqYuFiohXRHNSus1W9JnXFc
PSM戦略転換の妥当性検討.docx	https://docs.google.com/document/d/1OfU300H56YKUaD5I2Zvhy7dHe8gBkGoyAxiM-2v7oM0/edit	1OfU300H56YKUaD5I2Zvhy7dHe8gBkGoyAxiM-2v7oM0
JU→PSM戦略転換の妥当性検討.docx	https://docs.google.com/document/d/1sWI6IAEaVf5IAql9FNrqU2wDfgxsF_cHxXbfulNZsg8/edit	1sWI6IAEaVf5IAql9FNrqU2wDfgxsF_cHxXbfulNZsg8
JU→PSM戦略転換の妥当性検討.docx	https://docs.google.com/document/d/1JplHtcNUQccqiEnGuHmk0ZImgIR8Id23s5uobf3Mvqw/edit	1JplHtcNUQccqiEnGuHmk0ZImgIR8Id23s5uobf3Mvqw
TSOM構造に関するDR依頼と調査指示.docx	https://docs.google.com/document/d/1_FHsjqgL5OCj7IreKx-gNgjAeqaS6mtmpW4-88Z6K84/edit	1_FHsjqgL5OCj7IreKx-gNgjAeqaS6mtmpW4-88Z6K84
こども家庭庁事業と団体ネットワーク調査.docx	https://docs.google.com/document/d/1J8TAKZIFmCBfiG1vLlnZRVP15WOi_MaY7NlnJDIgkwc/edit	1J8TAKZIFmCBfiG1vLlnZRVP15WOi_MaY7NlnJDIgkwc
こども家庭庁事業と団体ネットワーク調査.docx	https://docs.google.com/document/d/1V5UXGkYNy9BGdDRMnxUNCmIy5igcMkTyZ_8FOTVmABc/edit	1V5UXGkYNy9BGdDRMnxUNCmIy5igcMkTyZ_8FOTVmABc
こども家庭庁事業と団体ネットワーク調査.docx	https://docs.google.com/document/d/1qqxCvWhrzWhhXuvURQ1GZc5MAuJNjs1hucY11077D3M/edit	1qqxCvWhrzWhhXuvURQ1GZc5MAuJNjs1hucY11077D3M
TSOM構造に関するDR依頼と調査指示.docx	https://docs.google.com/document/d/1UUUSgajGUwMyKo4jQ914V7FDjzkGHFdnpo5o_-HBYBc/edit	1UUUSgajGUwMyKo4jQ914V7FDjzkGHFdnpo5o_-HBYBc
高校野球賭博構造調査依頼.docx	https://docs.google.com/document/d/15L_B4VLsSp5N7EgLXf_W7225Pds71QH3bGJylZg7VgY/edit	15L_B4VLsSp5N7EgLXf_W7225Pds71QH3bGJylZg7VgY
AIによる自動著作権執行の構造的問題とクリエイターへの影響.docx	https://docs.google.com/document/d/1usCAyntt2CBK-SpDbgTQNT823bQsxClQi8EREiPetHI/edit	1usCAyntt2CBK-SpDbgTQNT823bQsxClQi8EREiPetHI
AI著作権請求と表現の自由侵害調査.docx	https://docs.google.com/document/d/1gl4RFhfQ5ir-vI_b9jLGEcxGAomDUm1TgzDAboY-eNQ/edit	1gl4RFhfQ5ir-vI_b9jLGEcxGAomDUm1TgzDAboY-eNQ
META−公明党−中国−マレーシア 連携構造の裏付け調査報告.docx	https://docs.google.com/document/d/1H2g5E-FU0OEcazuMxg4dozLtuoZ-_SwT3WhZiXFjMeY/edit	1H2g5E-FU0OEcazuMxg4dozLtuoZ-_SwT3WhZiXFjMeY
公明党・石破氏とMETA社等調査.docx	https://docs.google.com/document/d/1a0yEk6acBFybc-qvWtCzckn0kv9dV2ibVoxS_KwkTeU/edit	1a0yEk6acBFybc-qvWtCzckn0kv9dV2ibVoxS_KwkTeU
世界経済ストレス総点検DR依頼.docx	https://docs.google.com/document/d/1KhfM7wHRZkpOL_RdoDFWPmBc7fAzb72vPumJDVce7h8/edit	1KhfM7wHRZkpOL_RdoDFWPmBc7fAzb72vPumJDVce7h8
世界経済リスク包括把握DR依頼.docx	https://docs.google.com/document/d/1QepmCoFv47Qhsgakpd-vChGs4L2QK0F2uMuyu2DEG8Q/edit	1QepmCoFv47Qhsgakpd-vChGs4L2QK0F2uMuyu2DEG8Q
世界経済リスク包括把握DR依頼.docx	https://docs.google.com/document/d/1TyQvBw8ThmVf4MRtEK-pRr7H31-GYR20Ha0dCFE-CzU/edit	1TyQvBw8ThmVf4MRtEK-pRr7H31-GYR20Ha0dCFE-CzU
Long COVID／ME-CFS研究DR実施依頼.docx	https://docs.google.com/document/d/1o074RbKztOemM650Cghodact9tTm53_Xk_WLSX9TYOI/edit	1o074RbKztOemM650Cghodact9tTm53_Xk_WLSX9TYOI
【最終版・運用規程】9／30危機予測と即応スタンバイ体制.docx	https://docs.google.com/document/d/1pIa0ttqS7cX3s57hMtNLRRI2gdP-KxZrdme1tabwZuc/edit	1pIa0ttqS7cX3s57hMtNLRRI2gdP-KxZrdme1tabwZuc
JU構想発動判断のための危機評価.docx	https://docs.google.com/document/d/1-xzqwao73jndWJJZQXaXLFMGSIb7fcWyQ-nAkenRVm0/edit	1-xzqwao73jndWJJZQXaXLFMGSIb7fcWyQ-nAkenRVm0
【戦略指令】9月30日システミック危機の確定事象としての対処について.docx	https://docs.google.com/document/d/1C74BUQQyMacjfAPm-gMxYF4iFA5rboyVoKkvor_DRN8/edit	1C74BUQQyMacjfAPm-gMxYF4iFA5rboyVoKkvor_DRN8
9月30日危機実現可能性 再検証依頼.docx	https://docs.google.com/document/d/1fFV-cl8lPCD0dgWrZl6DGDcMVOhtEj9xYoo6jt65DFk/edit	1fFV-cl8lPCD0dgWrZl6DGDcMVOhtEj9xYoo6jt65DFk
文科省腐敗構造複合分析レポート（改訂版）.docx	https://docs.google.com/document/d/1vHKdKra1qNHFDj7tabVH4ExjeXL3SNraYwa8dw_CPBo/edit	1vHKdKra1qNHFDj7tabVH4ExjeXL3SNraYwa8dw_CPBo
文科省腐敗構造複合分析レポート.docx	https://docs.google.com/document/d/1i7TGXEq1vmjIO3ufPOn4dXu9fHYiuSpMbhgYv0IbQ5M/edit	1i7TGXEq1vmjIO3ufPOn4dXu9fHYiuSpMbhgYv0IbQ5M
ベトナム奨学金分析依頼案（改訂版）.docx	https://docs.google.com/document/d/1wgJuq1tCNU86pHJgeYk5i_HO_F3dwf00KZIOqskr87M/edit	1wgJuq1tCNU86pHJgeYk5i_HO_F3dwf00KZIOqskr87M
文科省腐敗構造複合分析レポート.docx	https://docs.google.com/document/d/1h8E2YQmw4CnsQLwaCLYfqje2JvplZ3Qb5us6DPeCAuk/edit	1h8E2YQmw4CnsQLwaCLYfqje2JvplZ3Qb5us6DPeCAuk
Vietnam_scholarship_GPT5_report.docx	https://docs.google.com/document/d/1eh-7UslNZABxlCV1YalmWwbtU3CH5iIpMIM15jxGx6g/edit	1eh-7UslNZABxlCV1YalmWwbtU3CH5iIpMIM15jxGx6g
ベトナム奨学金分析依頼案.docx	https://docs.google.com/document/d/1QmYL2-BShXsfK-BuYMiJ-2oWF2g9cfNAuClC4vhEIYY/edit	1QmYL2-BShXsfK-BuYMiJ-2oWF2g9cfNAuClC4vhEIYY
横浜YWCA事業 情報収集リスト.docx	https://docs.google.com/document/d/18YXJI7NW9Vveqf25gIgyaPSyfdSZvdPj6vjezPewJ3Y/edit	18YXJI7NW9Vveqf25gIgyaPSyfdSZvdPj6vjezPewJ3Y
JU構想とルピー・スワップ枠.docx	https://docs.google.com/document/d/1Xi7h-icEvkIfe30il7Mucr9UbeogWm_k6p-zawZywGE/edit	1Xi7h-icEvkIfe30il7Mucr9UbeogWm_k6p-zawZywGE
CopilotとGPTの関係性調査.docx	https://docs.google.com/document/d/14F1wlSErrd0eaUkrTNQb-5ObnlswuuonnpKWdEgD9tU/edit	14F1wlSErrd0eaUkrTNQb-5ObnlswuuonnpKWdEgD9tU
文明延命コスト、その妥当性考察。.docx	https://docs.google.com/document/d/1Leo9gFrlftAjgCRgvOAX_eD4UNgzT9fvK5XWYgmM8m8/edit	1Leo9gFrlftAjgCRgvOAX_eD4UNgzT9fvK5XWYgmM8m8
絶望の日、ハックルート.docx	https://docs.google.com/document/d/1IAq87Q5-HXmtNBKA8omiyweTNUiu7GEzs2hoEAgzEII/edit	1IAq87Q5-HXmtNBKA8omiyweTNUiu7GEzs2hoEAgzEII
絶望の日、その説明.docx	https://docs.google.com/document/d/1kGXLnpDpuxfDYeH8o9izfYu32HV7560Xw4AG0fjepwM/edit	1kGXLnpDpuxfDYeH8o9izfYu32HV7560Xw4AG0fjepwM
制度的検閲の国際モデル調査依頼.docx	https://docs.google.com/document/d/1Ps3JynpI7Zfh27IPpJUHf9sBHcrqLYbotaPDCipsh-A/edit	1Ps3JynpI7Zfh27IPpJUHf9sBHcrqLYbotaPDCipsh-A
こども家庭庁予算の透明性検証.docx	https://docs.google.com/document/d/1vXmx1lm13W9Dhi4Jk2Cvjl9sa5HSocCJwpr8pUUfIeQ/edit	1vXmx1lm13W9Dhi4Jk2Cvjl9sa5HSocCJwpr8pUUfIeQ
財務省という国家そのもの：思想統制と利益共同体としての「解体不能」構造.docx	https://docs.google.com/document/d/1e2ogWVADs6znMPbXb5FHqTMuLkQtiAjBfzYy7sAxvPs/edit	1e2ogWVADs6znMPbXb5FHqTMuLkQtiAjBfzYy7sAxvPs
財務省起点 公費搾取システム調査.docx	https://docs.google.com/document/d/1JdZejbOoUWtlapvE-vwoCEV2N-FHsQc33yqDQmqilOA/edit	1JdZejbOoUWtlapvE-vwoCEV2N-FHsQc33yqDQmqilOA
こども家庭庁予算の透明性検証.docx	https://docs.google.com/document/d/1IXdDsTTwMdLRL2fA49vs9xEaNNVmopojzc4ZOr6FZeo/edit	1IXdDsTTwMdLRL2fA49vs9xEaNNVmopojzc4ZOr6FZeo
台湾技術流出事件：総合分析.docx	https://docs.google.com/document/d/1JHo5PWp44MzUiOGL9STDrsU0oNZd-CiLjbR-8zU1GGM/edit	1JHo5PWp44MzUiOGL9STDrsU0oNZd-CiLjbR-8zU1GGM
駒崎弘樹とその人的ネットワークに関する構造調査.docx	https://docs.google.com/document/d/1UQ8indm-AEI6F5SEqsj56J2USHeAvJ-zGkmPlNW2GMY/edit	1UQ8indm-AEI6F5SEqsj56J2USHeAvJ-zGkmPlNW2GMY
TSMC技術流出疑惑の構造分析依頼.docx	https://docs.google.com/document/d/1r03w6iddvZA1ScCW63q0wHOl75Q0bv8C8Cm3hLsoIos/edit	1r03w6iddvZA1ScCW63q0wHOl75Q0bv8C8Cm3hLsoIos
大統領令と国際合意の法的検証.docx	https://docs.google.com/document/d/1g6euFrzEMouB-FzrdRM_3ClYPi0pL7FGRGgrybXAvCM/edit	1g6euFrzEMouB-FzrdRM_3ClYPi0pL7FGRGgrybXAvCM
TSMC技術流出疑惑：構造的破綻検証.docx	https://docs.google.com/document/d/1CuVN2vHuFXyHAmMTMDpX_nzX1tq61PICW5zVX6z9ZD8/edit	1CuVN2vHuFXyHAmMTMDpX_nzX1tq61PICW5zVX6z9ZD8
TSMC情報流出事件：技術検証依頼.docx	https://docs.google.com/document/d/1fTxLYVCLpSZwEDBhFxVhGCOTNzBHP-US30-shjgEKOw/edit	1fTxLYVCLpSZwEDBhFxVhGCOTNzBHP-US30-shjgEKOw
検閲同盟ネットワーク構造レポート案.docx	https://docs.google.com/document/d/1DwXBNBFmupAIK3tXWbuEVaffab0IGc1LQhWsFE8vgMM/edit	1DwXBNBFmupAIK3tXWbuEVaffab0IGc1LQhWsFE8vgMM
日米関税交渉の勝敗分析.docx	https://docs.google.com/document/d/1fopIj_LwyUkE1bgA0onWgoGofEQrcK0JoCrAmkGHk4E/edit	1fopIj_LwyUkE1bgA0onWgoGofEQrcK0JoCrAmkGHk4E
西日本新聞報道の真偽性検証依頼.docx	https://docs.google.com/document/d/14IIqAwIB3Yg3q_TVplACgOrJBNJkhy3vCzptlhJOAOo/edit	14IIqAwIB3Yg3q_TVplACgOrJBNJkhy3vCzptlhJOAOo
CPAC JAPAN調査依頼.docx	https://docs.google.com/document/d/10TkRZKP8z4HVOuhExr-RGL_BvUR0VhYjEn7cyPwAhLY/edit	10TkRZKP8z4HVOuhExr-RGL_BvUR0VhYjEn7cyPwAhLY
責任分散型言論統制システムの実態と対策.docx	https://docs.google.com/document/d/1jZKLmwlt-TE-xOvk159Emx1cU4LQFPNZrV0A-1j2xbQ/edit	1jZKLmwlt-TE-xOvk159Emx1cU4LQFPNZrV0A-1j2xbQ
観測不能パンデミック成立可能性の考察.docx	https://docs.google.com/document/d/1LqS8Lv4Le2hfPxKj9FZrZ63ZNCq31nCtP7YNrJu7iws/edit	1LqS8Lv4Le2hfPxKj9FZrZ63ZNCq31nCtP7YNrJu7iws
国際的表現規制圧力の深層分析.docx	https://docs.google.com/document/d/1hJylThAjy-t2mSlqclFFpZggla6ex0RdqK2RSZC1ga0/edit	1hJylThAjy-t2mSlqclFFpZggla6ex0RdqK2RSZC1ga0
ロシア冬季崩壊構造分析依頼.docx	https://docs.google.com/document/d/1GJ9hU52aQ-UYDf90YUHijhu8MJVtYQQRLJfV8qQUCiQ/edit	1GJ9hU52aQ-UYDf90YUHijhu8MJVtYQQRLJfV8qQUCiQ
就職詐欺構造の国際調査依頼.docx	https://docs.google.com/document/d/15wzvKRiHgATcxStv752kkpt1CCi3_e5kidjIGPpk7dc/edit	15wzvKRiHgATcxStv752kkpt1CCi3_e5kidjIGPpk7dc
日教組の罪：総合構造調査.docx	https://docs.google.com/document/d/1w1OOK4ONF2CEo0iU8kOmt5z8qbZIWpdEz9XjBG-YwVs/edit	1w1OOK4ONF2CEo0iU8kOmt5z8qbZIWpdEz9XjBG-YwVs
国際倫理圧力構造の可視化依頼.docx	https://docs.google.com/document/d/1yAZuIMPLUi9f2hJXzTK78RfXnj0PeZAxJZsGju3OnhE/edit	1yAZuIMPLUi9f2hJXzTK78RfXnj0PeZAxJZsGju3OnhE
世界飢餓リスク報告書：検証と再構成.docx	https://docs.google.com/document/d/1XjRtupvWoZfikClaLTz1vd1iueNCLvtKiUqEZE-fecU/edit	1XjRtupvWoZfikClaLTz1vd1iueNCLvtKiUqEZE-fecU
国際外圧構造調査レポート.docx	https://docs.google.com/document/d/1iZDUz0HYpnV0bZi7VgYVCsZ42wh73bc9FQgQwsGcWIQ/edit	1iZDUz0HYpnV0bZi7VgYVCsZ42wh73bc9FQgQwsGcWIQ
AIレイオフ構造国際比較レポート.docx	https://docs.google.com/document/d/1-mk9JbgiT-Xq70xSOZCG9HiFBd-f7viRvx3rN72XTTs/edit	1-mk9JbgiT-Xq70xSOZCG9HiFBd-f7viRvx3rN72XTTs
圧力団体調査レポート作成依頼.docx	https://docs.google.com/document/d/1UlD79TBMgGV1s24WMhz8P6LUcg0ZnETaWlVMoMCYx00/edit	1UlD79TBMgGV1s24WMhz8P6LUcg0ZnETaWlVMoMCYx00
参政党リスク評価調査プロンプト.docx	https://docs.google.com/document/d/1VtNSNpmEN9YyN2mIk8t6_SwB9m9bYQk8yMZ5mzXludY/edit	1VtNSNpmEN9YyN2mIk8t6_SwB9m9bYQk8yMZ5mzXludY
難民支援制度の制度疲弊と国体破壊.docx	https://docs.google.com/document/d/1LZs5fcQdxR3gLcCnvGuKW-deocBTbUOpvE_yETYGuhI/edit	1LZs5fcQdxR3gLcCnvGuKW-deocBTbUOpvE_yETYGuhI
Visa／Mastercard圧力団体 構造調査依頼.docx	https://docs.google.com/document/d/1RUc8klhgwFbmXZO-ec7CV-mMIh1VQ9KuPpQpZ28Pnk4/edit	1RUc8klhgwFbmXZO-ec7CV-mMIh1VQ9KuPpQpZ28Pnk4
承知しました。以下は、DR（Gemini DeepResearch）向けの正式な調査依頼プロンプトで....docx	https://docs.google.com/document/d/1TvLeokz-8Bi-ifczIHjimZQiIMCgQ8sZOOHXnR1K8Zs/edit	1TvLeokz-8Bi-ifczIHjimZQiIMCgQ8sZOOHXnR1K8Zs
Visa／Mastercardと宗教系圧力団体の関係性調査.docx	https://docs.google.com/document/d/1nmwHtC1h1VjxmmX_ZCVi5yPBhl8Smqv8Tyscix3avBs/edit	1nmwHtC1h1VjxmmX_ZCVi5yPBhl8Smqv8Tyscix3avBs
サイバー条約と民間検閲.docx	https://docs.google.com/document/d/1LL9ESnszp4BGP_jdvyUrwyZAmJFKzl_kXL5KCgVTdKs/edit	1LL9ESnszp4BGP_jdvyUrwyZAmJFKzl_kXL5KCgVTdKs
タイ・カンボジア戦争戦略レポート.docx	https://docs.google.com/document/d/1EdZFf1o-lXIj9jHktY2kXxraGD2Wr25WUvlu27dOOoI/edit	1EdZFf1o-lXIj9jHktY2kXxraGD2Wr25WUvlu27dOOoI
作戦発動：ASEAN再建統合戦略 - 初期行動報告.docx	https://docs.google.com/document/d/1A2eyOpbr_BLa3NJLuKFXrLSOiD3_80fT1q_40uiRabc/edit	1A2eyOpbr_BLa3NJLuKFXrLSOiD3_80fT1q_40uiRabc
CLIP-TIGA構想 完全戦略白書（グリーンペーパー）.docx	https://docs.google.com/document/d/16O2k8qFTxSJdghOBwXqg3SevVBPlGAtPptayMsKsE3A/edit	16O2k8qFTxSJdghOBwXqg3SevVBPlGAtPptayMsKsE3A
国内対策ブリーフ：日本の脆弱性への緊急対応.docx	https://docs.google.com/document/d/1SfwH0A6oUZ267UmdY4fCGk1WHK7petQdQZniLDBudjw/edit	1SfwH0A6oUZ267UmdY4fCGk1WHK7petQdQZniLDBudjw
国内対策ブリーフ：日本の脆弱性への緊急対応.docx	https://docs.google.com/document/d/1TTy4dIBT4kZQHe9kPh2HGyuMt2LjLt82ifTt9Ya5T6I/edit	1TTy4dIBT4kZQHe9kPh2HGyuMt2LjLt82ifTt9Ya5T6I
TMCCターゲット・パッケージ（制裁案）.docx	https://docs.google.com/document/d/1uCMntiIyzBBGhSBV9E6mMJXTOnpYd-ZRmNisoY38zd0/edit	1uCMntiIyzBBGhSBV9E6mMJXTOnpYd-ZRmNisoY38zd0
回廊戦争：TMCC調査と介入戦略.docx	https://docs.google.com/document/d/12s299tKaza6gjz8UBairdIA0Vve1d6PVEFY6h6so27s/edit	12s299tKaza6gjz8UBairdIA0Vve1d6PVEFY6h6so27s
ASEAN再建統合戦略：想定問答集（内部用理論防壁）.docx	https://docs.google.com/document/d/1bjRP4WIi3M8ynWiHcAb1duZiEICMm4N3TUiQkCQ1rzw/edit	1bjRP4WIi3M8ynWiHcAb1duZiEICMm4N3TUiQkCQ1rzw
ASEAN再建統合戦略に関する国民の皆様へのお知らせ.docx	https://docs.google.com/document/d/1m4c_v2T4c1pGlNT56jZwW6rLt9FeGY1ovnX7vjKjEyU/edit	1m4c_v2T4c1pGlNT56jZwW6rLt9FeGY1ovnX7vjKjEyU
外務省向け補足ブリーフ：TMCCの国際法上の位置づけと法的介入の根拠.docx	https://docs.google.com/document/d/15pz4q3m1qqhq4GnmqzA8LTF3Rc47I8SgBJFmN9SIKDo/edit	15pz4q3m1qqhq4GnmqzA8LTF3Rc47I8SgBJFmN9SIKDo
防衛省向けGISマップ仕様書：CLIP構想における治安確保とデコンフリクションの可視化.docx	https://docs.google.com/document/d/1-J1b7Yl8tVPUrDJu8-SQrTm8ytrxmpmqIJxXPSMn358/edit	1-J1b7Yl8tVPUrDJu8-SQrTm8ytrxmpmqIJxXPSMn358
経済産業省向け別紙B：CLIP構想SPCのリスク管理・運営ロードマップ.docx	https://docs.google.com/document/d/124RjnkMn5kqQTT6XWmjOddmd69zThA4LfUz45aBcdv4/edit	124RjnkMn5kqQTT6XWmjOddmd69zThA4LfUz45aBcdv4
外務省向け補足ブリーフ：TMCCの国際法上の位置づけと法的介入の根拠.docx	https://docs.google.com/document/d/10I1zIiPwaHcT7qX0KXb-GsYJ1PjMyaPoHsZ6qtZRiQY/edit	10I1zIiPwaHcT7qX0KXb-GsYJ1PjMyaPoHsZ6qtZRiQY
タイ・カンボジア国境戦争：構造的調査.docx	https://docs.google.com/document/d/1am2Ve-op4yDaNRsSklAWuy07T-YPKrbpDhlDmauvIuU/edit	1am2Ve-op4yDaNRsSklAWuy07T-YPKrbpDhlDmauvIuU
タイ・カンボジア国境戦争構造調査.docx	https://docs.google.com/document/d/17r-1RScgnloatnexidSpN_2hFkRz4gAPCNGl2obqylU/edit	17r-1RScgnloatnexidSpN_2hFkRz4gAPCNGl2obqylU
TSOM構造確定資料化依頼.docx	https://docs.google.com/document/d/111GqeMnyoKgcucyedn-TkaDA8GYfJwPOnNaYH_pchlI/edit	111GqeMnyoKgcucyedn-TkaDA8GYfJwPOnNaYH_pchlI
ドキュメント割当.docx	https://docs.google.com/document/d/1q1XVwc9vv1ditpROy9zwjN2OZmzKIsxFn9Fc8UGLtng/edit	1q1XVwc9vv1ditpROy9zwjN2OZmzKIsxFn9Fc8UGLtng
外為特会と5500億ドル拠出.docx	https://docs.google.com/document/d/1ddCcFaNjns8u8GJvn-N3fXtHZYl7ZpXlHROF3WQk7Uw/edit	1ddCcFaNjns8u8GJvn-N3fXtHZYl7ZpXlHROF3WQk7Uw
AIアーキテクチャ知的財産戦略レポート.docx	https://docs.google.com/document/d/1EUWr_DOyncsW2HH9zPBF-gxAgo9KMjSrBSBdFG8l-Uw/edit	1EUWr_DOyncsW2HH9zPBF-gxAgo9KMjSrBSBdFG8l-Uw
ドイツ艦艇レーザー照射事案調査.docx	https://docs.google.com/document/d/1Vuxeuuv8_RxdwArpSGvT_tZPSglr3Cp7_JnLLb-RbpY/edit	1Vuxeuuv8_RxdwArpSGvT_tZPSglr3Cp7_JnLLb-RbpY
万博契約透明性調査と責任所在究明.docx	https://docs.google.com/document/d/1iYcumSiCR2nSHtBQRXifvzJs9pN5uC3LbLQ5_p3knjM/edit	1iYcumSiCR2nSHtBQRXifvzJs9pN5uC3LbLQ5_p3knjM
PDFから読み解く“公共事業のブラックボックス”──EXPO2025をめぐる透明性問題.docx	https://docs.google.com/document/d/1Y-xseh701SfbN5J55E65T6bG-jdPM8hdyvYxbDMExSw/edit	1Y-xseh701SfbN5J55E65T6bG-jdPM8hdyvYxbDMExSw
PDFから読み解く“公共事業のブラックボックス”──EXPO2025をめぐる透明性問題.docx	https://docs.google.com/document/d/17oICJKbqDtiZnl9hJgUrd9-518La_eizk1i7YS4N6Rg/edit	17oICJKbqDtiZnl9hJgUrd9-518La_eizk1i7YS4N6Rg
万博透明性確保要求、回答無し.docx	https://docs.google.com/document/d/1HyG9pQJUsBagwiU-iwHx_N5XlMsUNmI5oMedLQ4f_s4/edit	1HyG9pQJUsBagwiU-iwHx_N5XlMsUNmI5oMedLQ4f_s4
模造銃報道の情報戦構造分析.docx	https://docs.google.com/document/d/1LFWnto_Su2sLUe2R4nEb7WXdRLkPY44dhbHdefFZXfA/edit	1LFWnto_Su2sLUe2R4nEb7WXdRLkPY44dhbHdefFZXfA
「都民ファースト」と「日本人ファースト」、何が違うの？専門家が3つのポイントで解説.docx	https://docs.google.com/document/d/1UjeGiR8VIcsPjnxE13iZF5C7a35AUgrfOW4C828d9AE/edit	1UjeGiR8VIcsPjnxE13iZF5C7a35AUgrfOW4C828d9AE
【最終統合報告書】空虚な中心と秩序なき王国：日本統治システム崩壊の最終分析.docx	https://docs.google.com/document/d/1qk8Nd2og23Yt_TwDlRYr5F3IU_WxjjBATC4hhWPBj2o/edit	1qk8Nd2og23Yt_TwDlRYr5F3IU_WxjjBATC4hhWPBj2o
添付文書の信憑性評価と理論武装.docx	https://docs.google.com/document/d/16hFbvwgnphJ3YUzWdhKeLd9-IAeQ3u3lbPqNku8-KTs/edit	16hFbvwgnphJ3YUzWdhKeLd9-IAeQ3u3lbPqNku8-KTs
霞が関統治機能不全の詳細調査.docx	https://docs.google.com/document/d/15eEEAXYiz92Sv9Dml16cLrTOYAH3XN9XDva02Q0NjhQ/edit	15eEEAXYiz92Sv9Dml16cLrTOYAH3XN9XDva02Q0NjhQ
【分析モデル】砕け散ったプリズム：権力の真空が生む統治の断片化.docx	https://docs.google.com/document/d/1FoiEAIoURt9ePvNf0BOrwZK4IbBXdhtai450C9PQlaU/edit	1FoiEAIoURt9ePvNf0BOrwZK4IbBXdhtai450C9PQlaU
岸田総理の権力闘争と後継者選択の検証.docx	https://docs.google.com/document/d/122PR0Ap0Ejkjett_UGQVENsv9vTYAiw72n4bElAI5ug/edit	122PR0Ap0Ejkjett_UGQVENsv9vTYAiw72n4bElAI5ug
末期型中国恐怖政治「習近平失脚／死亡シナリオ」DRレポート（2025）.docx	https://docs.google.com/document/d/1peKEVd7Q46gyhmEAJYRPHWXoBzdtTCaH-Hk-3FutmHI/edit	1peKEVd7Q46gyhmEAJYRPHWXoBzdtTCaH-Hk-3FutmHI
末期型中国恐怖政治「習近平失脚／死亡シナリオ」DRレポート（2025）.docx	https://docs.google.com/document/d/1GLXvdEDfQkIyl7dqOtvR6QUlrfTd5DA1E-M8dN-I5ak/edit	1GLXvdEDfQkIyl7dqOtvR6QUlrfTd5DA1E-M8dN-I5ak
中国共産党末期恐怖政治DR分析.docx	https://docs.google.com/document/d/1u-b9Xo0l7MkptZEgYxVQ7NKZCMJu5UwoTynyV2fsNrk/edit	1u-b9Xo0l7MkptZEgYxVQ7NKZCMJu5UwoTynyV2fsNrk
国民民主党、高額療養費制度見直し調査.docx	https://docs.google.com/document/d/1dPUM3V7bpp5Pi0YaeCwX7fMcFQDxTuB-R28Z-XgjpPY/edit	1dPUM3V7bpp5Pi0YaeCwX7fMcFQDxTuB-R28Z-XgjpPY
農林中金問題 深掘り調査プロンプト␊.docx	https://docs.google.com/document/d/1XZ2ZaExtoQ5XeZpovE46nNq9XRTYVh_qw9-K-4pos0s/edit	1XZ2ZaExtoQ5XeZpovE46nNq9XRTYVh_qw9-K-4pos0s
農林中金問題 深掘り調査プロンプト.docx	https://docs.google.com/document/d/1LQVAqLCCuTCX0VbxHvtNCqGxatuJlLsrM6d5GNyyG3g/edit	1LQVAqLCCuTCX0VbxHvtNCqGxatuJlLsrM6d5GNyyG3g
政治とカネ、財政透明化調査.docx	https://docs.google.com/document/d/1k-JbLLQPBhpzKWpGzKhY0yTegWbf-pi8B8od29RQ5_s/edit	1k-JbLLQPBhpzKWpGzKhY0yTegWbf-pi8B8od29RQ5_s
記者クラブと戦略的リーク分析.docx	https://docs.google.com/document/d/1h4iqV96qDsWdiLdRewfZGA3JoCFPLNQetQhQa83IDzs/edit	1h4iqV96qDsWdiLdRewfZGA3JoCFPLNQetQhQa83IDzs
記者クラブと戦略的リーク分析.docx	https://docs.google.com/document/d/1q0iBxZ4byJ-qd7a8lzKaTSLP2OAUAEetdez5MqCQeis/edit	1q0iBxZ4byJ-qd7a8lzKaTSLP2OAUAEetdez5MqCQeis
記者クラブ制度の実態調査.docx	https://docs.google.com/document/d/1tKaBUcA1KOFCujGubN2J-MrihHJ-JmOs5OooYCQCao8/edit	1tKaBUcA1KOFCujGubN2J-MrihHJ-JmOs5OooYCQCao8
記者クラブ制度骨格調査プロンプト.docx	https://docs.google.com/document/d/1U6tLtse0140H-igqR0L9qhR5z3krnxTeHVVOFh_zZRM/edit	1U6tLtse0140H-igqR0L9qhR5z3krnxTeHVVOFh_zZRM
記者クラブ制度骨格調査プロンプト.docx	https://docs.google.com/document/d/1Pd758QDb3i6OG9JFxtVNP_S8lVTbVGQtnO3WhjFrkUw/edit	1Pd758QDb3i6OG9JFxtVNP_S8lVTbVGQtnO3WhjFrkUw
国税庁職員の守秘義務と内部告発.docx	https://docs.google.com/document/d/1XA3EyFpyJp5D7pVHLhIL3kTd_Ek9nCQySxxbN2PoKvE/edit	1XA3EyFpyJp5D7pVHLhIL3kTd_Ek9nCQySxxbN2PoKvE
情報操作と報道の比較分析.docx	https://docs.google.com/document/d/19KNH1MJF30DZEnBmMGP_mD7lGYjzX5wsxuI6uyQrjDA/edit	19KNH1MJF30DZEnBmMGP_mD7lGYjzX5wsxuI6uyQrjDA
国税庁守秘義務違反事例調査.docx	https://docs.google.com/document/d/1nWzSi-atO7NQDIqtt08ono2lJWMU7uGMmf6qh7jgj2g/edit	1nWzSi-atO7NQDIqtt08ono2lJWMU7uGMmf6qh7jgj2g
行為計算否認、グーニーズ社事例検証.docx	https://docs.google.com/document/d/11vTdPjaYzRybgvjeJKY93G1gmPMTWfySA2zLWOgqTXc/edit	11vTdPjaYzRybgvjeJKY93G1gmPMTWfySA2zLWOgqTXc
前澤氏納税情報漏洩事件調査.docx	https://docs.google.com/document/d/19dumYPel-U6YyYCRrJ-UIWLYHmj-XK_MRVIAEn3KswE/edit	19dumYPel-U6YyYCRrJ-UIWLYHmj-XK_MRVIAEn3KswE
前澤友作氏報道時系列分析.docx	https://docs.google.com/document/d/1NDTPjV1YDZFtDy8sSMe-ZytR_2mhi2JpJyF1JqFMh3M/edit	1NDTPjV1YDZFtDy8sSMe-ZytR_2mhi2JpJyF1JqFMh3M
辻健太郎氏、国民民主党連携戦略調査.docx	https://docs.google.com/document/d/1OZtj_NT9mklvPdOfcL4TgxoTECK6aPv6h_dKI1dncsg/edit	1OZtj_NT9mklvPdOfcL4TgxoTECK6aPv6h_dKI1dncsg
麻生閣下宛書文.docx	https://docs.google.com/document/d/1Pg23c9vVeuNGqdO8kuHkaQrlHabf3l7wZoyr3S5Z7qw/edit	1Pg23c9vVeuNGqdO8kuHkaQrlHabf3l7wZoyr3S5Z7qw
参政党の創憲案と政党性検討.docx	https://docs.google.com/document/d/18U8MTI9LjQUCDBX-OY3xgm_Bmcq0pR-MQ1UZTjW1sG4/edit	18U8MTI9LjQUCDBX-OY3xgm_Bmcq0pR-MQ1UZTjW1sG4
大阪IR物語.docx	https://docs.google.com/document/d/1zTH4GLasMKlkQeDNa6sAmyiIK88ludF1c4DVO2CK2J4/edit	1zTH4GLasMKlkQeDNa6sAmyiIK88ludF1c4DVO2CK2J4
参政党と神谷氏の関与調査.docx	https://docs.google.com/document/d/1NTFY2YNpTAfXQWoBtDY1gXIpsoAioyF-Nde3FKsGT6A/edit	1NTFY2YNpTAfXQWoBtDY1gXIpsoAioyF-Nde3FKsGT6A
医療崩壊シナリオ：人道支援の逆流.docx	https://docs.google.com/document/d/1maKTpV-l8dYgtOx3WgECYZ7BLScjpeRh-PJbZHmjpgY/edit	1maKTpV-l8dYgtOx3WgECYZ7BLScjpeRh-PJbZHmjpgY
大阪IRのAML・港湾保安調査.docx	https://docs.google.com/document/d/1mu2-4GxvLoODI7qULWp38i99KcQEnvjl1ErhwWIiElM/edit	1mu2-4GxvLoODI7qULWp38i99KcQEnvjl1ErhwWIiElM
第六章執筆プロンプトと調査戦略␊.docx	https://docs.google.com/document/d/1lLX65DjMGsK-l4kW_A3aAuSaqpRVr0QctJgGIvRtYj4/edit	1lLX65DjMGsK-l4kW_A3aAuSaqpRVr0QctJgGIvRtYj4
第5章：スパイダーウェブ作戦 ― 非対称型脅威の進化と防御不能性.docx	https://docs.google.com/document/d/1a_Ofyl9C6HJLbLUpSv4sSrnBd5lVd2Wc4iDaOOGinm8/edit	1a_Ofyl9C6HJLbLUpSv4sSrnBd5lVd2Wc4iDaOOGinm8
異常気象とインフラ崩壊の連鎖␊.docx	https://docs.google.com/document/d/1DPedMpgXAsa1Y78Yu8-dxf0vLrQ22EC2gH7_tx3rj1g/edit	1DPedMpgXAsa1Y78Yu8-dxf0vLrQ22EC2gH7_tx3rj1g
思想的・宗教的断片化 ― 信じるものの崩壊.docx	https://docs.google.com/document/d/1OM2TBtkm0ovHGQnuJYwFvKhthPUv5CHrufl2oIS-YAw/edit	1OM2TBtkm0ovHGQnuJYwFvKhthPUv5CHrufl2oIS-YAw
思想的・宗教的断片化 ― 信じるものの崩壊.docx	https://docs.google.com/document/d/1-QEHvHzzW9JxqoHZtziUfM4uBV2a5RNE3tAfg3L--Nk/edit	1-QEHvHzzW9JxqoHZtziUfM4uBV2a5RNE3tAfg3L--Nk
社会的憎悪の再燃と変質.docx	https://docs.google.com/document/d/168pJ-zGvumseMYoVTJxjUykrddimqNqQAGinJLeoYME/edit	168pJ-zGvumseMYoVTJxjUykrddimqNqQAGinJLeoYME
経済的断絶レポート作成依頼.docx	https://docs.google.com/document/d/1mQP1Q5ZgfeH62N5Ar-Qu-uNZSauFWjg31LG-8Bh6W6U/edit	1mQP1Q5ZgfeH62N5Ar-Qu-uNZSauFWjg31LG-8Bh6W6U
エネルギー危機：AIと電力崩壊.docx	https://docs.google.com/document/d/1SckjYGJkPu6Fm7hysygajYohjqWKtOuMWJtOE_lQVb8/edit	1SckjYGJkPu6Fm7hysygajYohjqWKtOuMWJtOE_lQVb8
州財政・インフラ脆弱性分析.docx	https://docs.google.com/document/d/1kUYy8C_h68sRy7dKQtq9DsinuYoJLX22tzvNhMLaRfo/edit	1kUYy8C_h68sRy7dKQtq9DsinuYoJLX22tzvNhMLaRfo
州財政・インフラ脆弱性分析.docx	https://docs.google.com/document/d/1Fr3YAcI9fTmEIQqDoV1sQEsHQ-3mhEv_S7e-GwijQoA/edit	1Fr3YAcI9fTmEIQqDoV1sQEsHQ-3mhEv_S7e-GwijQoA
反論レポート肉付けのための調査依頼.docx	https://docs.google.com/document/d/1T0R0ewRSOPKG2cG_NWVWz1m7mCxwYs0HdPjcE2WMj9s/edit	1T0R0ewRSOPKG2cG_NWVWz1m7mCxwYs0HdPjcE2WMj9s
ハノイ条約 日本の対応.docx	https://docs.google.com/document/d/1SZUm4AbNjLTfpLqXHBT54j6o219cGWqrROOx9vUnOjs/edit	1SZUm4AbNjLTfpLqXHBT54j6o219cGWqrROOx9vUnOjs
万博問題調査 grokへの依頼.docx	https://docs.google.com/document/d/1OgsC5Cy9rGi1wGA6O1sy-lsJNevfeBIvAlgthhZklUQ/edit	1OgsC5Cy9rGi1wGA6O1sy-lsJNevfeBIvAlgthhZklUQ
万博工事未払いと関連調査.docx	https://docs.google.com/document/d/15pB33loAYe5plmf4DT-twiWIQ2XkKbjhor6A6pUFFxs/edit	15pB33loAYe5plmf4DT-twiWIQ2XkKbjhor6A6pUFFxs
日本の脆弱性に対応する多層的防衛戦略：フェンタニル危機へのアクションプラン.docx	https://docs.google.com/document/d/1BrQiz6wmNLN74HQdf6WOcUkQNrZ3Vyt8KYZIJGBICMY/edit	1BrQiz6wmNLN74HQdf6WOcUkQNrZ3Vyt8KYZIJGBICMY
日本の薬物乱用史と対策の変遷.docx	https://docs.google.com/document/d/15llrWgGkDTmRuHU3DGZuPvAneWJauzj3WK13_gK5dfw/edit	15llrWgGkDTmRuHU3DGZuPvAneWJauzj3WK13_gK5dfw
フェンタニル問題における中国の役割分析.docx	https://docs.google.com/document/d/1SfOcJtH3CUNF1LoUkH-MbeVeCGdqOpUEzNIW0BtkgTU/edit	1SfOcJtH3CUNF1LoUkH-MbeVeCGdqOpUEzNIW0BtkgTU
NATO首脳会談の総括.docx	https://docs.google.com/document/d/1Zfob_bb_09lR74_WzBVG1I4DRX1XvrhaySUZNGmqTM4/edit	1Zfob_bb_09lR74_WzBVG1I4DRX1XvrhaySUZNGmqTM4
2025年ハーグNATO首脳会談総括.docx	https://docs.google.com/document/d/1R0qyFijMMj5HVfErFOwuPgnbKo-xycNZC_WjSt7-E7Y/edit	1R0qyFijMMj5HVfErFOwuPgnbKo-xycNZC_WjSt7-E7Y
日本の真実を多角的に分析する.docx	https://docs.google.com/document/d/1-JjLPMJJCpmQ_hnEaVxcG_1OXZ0GArTIzaM1ABAosz0/edit	1-JjLPMJJCpmQ_hnEaVxcG_1OXZ0GArTIzaM1ABAosz0
国益と反する政策の検証.docx	https://docs.google.com/document/d/1_tOR1dUvbjWdbyGmuyy3yfX5vsHQdhDLqsV4Ua05DL4/edit	1_tOR1dUvbjWdbyGmuyy3yfX5vsHQdhDLqsV4Ua05DL4
添付文書の妥当性に関する調査.docx	https://docs.google.com/document/d/1I-D60WA4hgpbRAQCTLfvlQvlPGVRJk1bB_cMqAx213o/edit	1I-D60WA4hgpbRAQCTLfvlQvlPGVRJk1bB_cMqAx213o
米国の脆弱性に関する総合レポート.docx	https://docs.google.com/document/d/1UlXQ1jKWS6eKkYrGfn8kpIIhkEG87csQgqdepaLvuCM/edit	1UlXQ1jKWS6eKkYrGfn8kpIIhkEG87csQgqdepaLvuCM
README.docx	https://docs.google.com/document/d/100f_uF5qyt-RsHmL91qSwTrFcDHYws13PlG0re6elus/edit	100f_uF5qyt-RsHmL91qSwTrFcDHYws13PlG0re6elus
meta_observer_log.docx	https://docs.google.com/document/d/1eZur7-3AENvnfPgze6KninlTH3LoSmVodPSM83nWozM/edit	1eZur7-3AENvnfPgze6KninlTH3LoSmVodPSM83nWozM
negotiation_summary_table.docx	https://docs.google.com/document/d/1egKakBST4BrRcsiQqEX2octFcMTDbOBhYrLcLXxZ4g4/edit	1egKakBST4BrRcsiQqEX2octFcMTDbOBhYrLcLXxZ4g4
negotiation_report_001.docx	https://docs.google.com/document/d/11-XzAnMYTHZE3TOl-NFjyp9IM8sj-csE21T5JVVVVn8/edit	11-XzAnMYTHZE3TOl-NFjyp9IM8sj-csE21T5JVVVVn8
Autonomous Negotiation Playground (PoC #008).docx	https://docs.google.com/document/d/1Nyv5tIzlbt5G0haTjNzg7dBHKhGBJyIXcKAHMtC-GfY/edit	1Nyv5tIzlbt5G0haTjNzg7dBHKhGBJyIXcKAHMtC-GfY
negotiation_outcome_008.md.docx	https://docs.google.com/document/d/1FEBPNP5KM0qAFI0xwlWOZUc_xtgTB5KTQyWOaYsheL0/edit	1FEBPNP5KM0qAFI0xwlWOZUc_xtgTB5KTQyWOaYsheL0
PoC #008 設計書: 自律型AIネゴシエーション.docx	https://docs.google.com/document/d/1nfyDd57hiwcVLtuJczKEwJwIjZLdGldCHl5JP6FhtCI/edit	1nfyDd57hiwcVLtuJczKEwJwIjZLdGldCHl5JP6FhtCI
RFC 004 - Graph Payload Specification.docx	https://docs.google.com/document/d/1rMLZLa-ltO6isLRP4akvphFb_PvJPE7B4cpugVD7iAA/edit	1rMLZLa-ltO6isLRP4akvphFb_PvJPE7B4cpugVD7iAA
最終提案：自律型AIネゴシエーション・システムの実現 (PoC #7).docx	https://docs.google.com/document/d/1D0ciGr4UX-PRdT9Npoc48fiGagvh3x3IhXIPiXbLQWo/edit	1D0ciGr4UX-PRdT9Npoc48fiGagvh3x3IhXIPiXbLQWo
PoCフェーズ3 ドキュメント一式.docx	https://docs.google.com/document/d/1CPy56EUMDHyg2ffjOnsYRZyFqeSGrgNBc7ph7RA3Z8Q/edit	1CPy56EUMDHyg2ffjOnsYRZyFqeSGrgNBc7ph7RA3Z8Q
一応、GPTが頑張って作ったプロンプトです。␊␊全部終了していますけど、一応見るだけ見てあげて下さ....docx	https://docs.google.com/document/d/1_Z24XVYaqSulqXZ1FMNJ76N3rHisqfxcBLQ9gaMdnSc/edit	1_Z24XVYaqSulqXZ1FMNJ76N3rHisqfxcBLQ9gaMdnSc
Geminiタスク成果物.docx	https://docs.google.com/document/d/14VQLat980EHS5WhtIz01r8S3p6IWGvtR4BwwUewgNQQ/edit	14VQLat980EHS5WhtIz01r8S3p6IWGvtR4BwwUewgNQQ
PoCフェーズ2完了 成果物一式 (Gemini担当分).docx	https://docs.google.com/document/d/1kDJGnozFG2lLHaZMoMAtux-FNo48b2BaJxnruldlA4A/edit	1kDJGnozFG2lLHaZMoMAtux-FNo48b2BaJxnruldlA4A
テストフェイズ時点の全体検証（Gemini）.docx	https://docs.google.com/document/d/1WoyWqhCbe1tUfnILLPcsxGWwwBuyGun5XCxO0t2azug/edit	1WoyWqhCbe1tUfnILLPcsxGWwwBuyGun5XCxO0t2azug
イラン・イスラエル紛争分析：宗教を超えた戦略的要因.docx	https://docs.google.com/document/d/1Nuk5EfXn70Qy8iXF54GmmI9IU-RYFWU3_IIUrjoJkIc/edit	1Nuk5EfXn70Qy8iXF54GmmI9IU-RYFWU3_IIUrjoJkIc
反米勢力、宗派対立と戦略的限界.docx	https://docs.google.com/document/d/1tB2F2I1d3MzYT-gjNLz3-XQF2YXuhoEPJi-fKn-AdBg/edit	1tB2F2I1d3MzYT-gjNLz3-XQF2YXuhoEPJi-fKn-AdBg
イスラエル・イラン・米国関連の最新情勢（2025年6月25日時点）.docx	https://docs.google.com/document/d/1Vw8bWbQ6MAro4cK2lDZtFwCKj6LCPdrLOjihS3DS4sI/edit	1Vw8bWbQ6MAro4cK2lDZtFwCKj6LCPdrLOjihS3DS4sI
世界的危機：統合分析レポート作成␊.docx	https://docs.google.com/document/d/1tdT8FV3EKI0w_0jxQCi6xInVaYoH7ce0xIXVJCK8XGQ/edit	1tdT8FV3EKI0w_0jxQCi6xInVaYoH7ce0xIXVJCK8XGQ
2025年米国債務上限法成立妥当性␊.docx	https://docs.google.com/document/d/1Vx5lCzsnt0wMFW1Ld8iceCExAe4H77So9geitxFgOG8/edit	1Vx5lCzsnt0wMFW1Ld8iceCExAe4H77So9geitxFgOG8
中国製鉄業界レポート.docx	https://docs.google.com/document/d/1SPILw2sBVxUqBmwfT0vCXV79utX2oBovM37fCWVP3iM/edit	1SPILw2sBVxUqBmwfT0vCXV79utX2oBovM37fCWVP3iM
次の国家調査対象は「フランス」です。以下の観点から、DR（ディザスターリカバリー）構造における脆弱....docx	https://docs.google.com/document/d/1zI2Rlohuj-TdX0Du8KkacQMI9rq_mmhTR5R9fCCZ3j0/edit	1zI2Rlohuj-TdX0Du8KkacQMI9rq_mmhTR5R9fCCZ3j0
複合的危機シナリオ 適格国選定.docx	https://docs.google.com/document/d/1wN-SVKFPqXKqYLj5x95MwCNwEC3s46-U06W5Bm1tjng/edit	1wN-SVKFPqXKqYLj5x95MwCNwEC3s46-U06W5Bm1tjng
米先物市場の現状と展望.docx	https://docs.google.com/document/d/1WeRqNDPp_vrNrIeBVohN3v6aHN1_sDTohn4zI_e9ld8/edit	1WeRqNDPp_vrNrIeBVohN3v6aHN1_sDTohn4zI_e9ld8
なぜ解決策が見つからないのか：行き詰まりの構造（2／3）.docx	https://docs.google.com/document/d/1yDntXxZakJqvSY0XxXM4ixlUa8nxd5S3ujE7zGZoQH8/edit	1yDntXxZakJqvSY0XxXM4ixlUa8nxd5S3ujE7zGZoQH8
米価問題に関するステークホルダー調査.docx	https://docs.google.com/document/d/1dbDGb_OOMHfmbHH9RPOzqWweIRhNS7e3zSkQz9AyD-Y/edit	1dbDGb_OOMHfmbHH9RPOzqWweIRhNS7e3zSkQz9AyD-Y
中国テック企業と共産党関係性調査.docx	https://docs.google.com/document/d/13XoZcQ1-Tmoq-nHi09svUXQA-qfbEevDwS7PdILbZzA/edit	13XoZcQ1-Tmoq-nHi09svUXQA-qfbEevDwS7PdILbZzA
医療AI評価とDMC応用調査.docx	https://docs.google.com/document/d/1Nw7zgCZPHghLmGulzWpKMMnGHoPKvdKsAWSppfJI8QY/edit	1Nw7zgCZPHghLmGulzWpKMMnGHoPKvdKsAWSppfJI8QY
与党審議拒否の歴史的分析␊.docx	https://docs.google.com/document/d/15CphgFmofL7xMtjq5otApi7kSES4-sjb6bA9fYmRfeQ/edit	15CphgFmofL7xMtjq5otApi7kSES4-sjb6bA9fYmRfeQ
米国「未来予測」：トリプルレッド下のシステミックリスク加速シナリオ.docx	https://docs.google.com/document/d/1eF0U6pmwOtOh7MVxwh_KP9cFwXapCr8phMxy4yt8Lz8/edit	1eF0U6pmwOtOh7MVxwh_KP9cFwXapCr8phMxy4yt8Lz8
米国「未来予測」：トリプルレッド下のシステミックリスク加速シナリオ.docx	https://docs.google.com/document/d/160OKddjg0KC49aRtm81mgzAIh1ZklA792sR6-eO3f5w/edit	160OKddjg0KC49aRtm81mgzAIh1ZklA792sR6-eO3f5w
米国実態調査「現状把握２」：構造的リスクと社会動態の相互作用分析.docx	https://docs.google.com/document/d/1W20Tt7LHvqpeUWo-i90xpzZQCpDoIckCicL5LPhcdwk/edit	1W20Tt7LHvqpeUWo-i90xpzZQCpDoIckCicL5LPhcdwk
米国財政・経済総合調査␊.docx	https://docs.google.com/document/d/1deTwbePoW5xGb6SuZOq43yEjUzEXrz4GFvLqrs4SMeQ/edit	1deTwbePoW5xGb6SuZOq43yEjUzEXrz4GFvLqrs4SMeQ
AI虚構とプロパガンダ検証␊.docx	https://docs.google.com/document/d/1FXj2s1_X5PPqHtPRZkjhal5DhqIq5jp2kDDIbRKjy4Q/edit	1FXj2s1_X5PPqHtPRZkjhal5DhqIq5jp2kDDIbRKjy4Q
豊田章男の業績と社会貢献.docx	https://docs.google.com/document/d/169IveAJdpbbJKO3M7H6KbZ20mvjSe7afBFUaz8jn1IE/edit	169IveAJdpbbJKO3M7H6KbZ20mvjSe7afBFUaz8jn1IE
情報源の信頼性評価プロンプトの作成␊.docx	https://docs.google.com/document/d/1hjRq9gFCuy-Q_0_4uByNB9qSr_f-Z-aUEBhqYJkEonI/edit	1hjRq9gFCuy-Q_0_4uByNB9qSr_f-Z-aUEBhqYJkEonI
国家主権侵害の国際比較分析␊.docx	https://docs.google.com/document/d/1gLKK75oomSGlYITMCJ2fdg5yYj8Rer4KMFiEgtLtcOE/edit	1gLKK75oomSGlYITMCJ2fdg5yYj8Rer4KMFiEgtLtcOE
「権限なき支配」構造による主権侵害の制度的補完構造.docx	https://docs.google.com/document/d/1XwTcN5lA1R_Emtf_Y4aHsj-rj-3VB_9dIxqGq-eSXZA/edit	1XwTcN5lA1R_Emtf_Y4aHsj-rj-3VB_9dIxqGq-eSXZA
分析レポート：超国家インテリジェンスと非対称技術による国家機能の侵食.docx	https://docs.google.com/document/d/1c4OQFLCAushVA4OGzPc1vNLNvU5XuftV9VGuxEnb9iY/edit	1c4OQFLCAushVA4OGzPc1vNLNvU5XuftV9VGuxEnb9iY
超国家インテリジェンスプラットフォームの脅威分析␊.docx	https://docs.google.com/document/d/1bAYjFV1sSx3uX2TZ7E8fAPUOQ4WSL-uYmuD3qi1jOW4/edit	1bAYjFV1sSx3uX2TZ7E8fAPUOQ4WSL-uYmuD3qi1jOW4
BrowserBaseの危険性、資金源調査␊.docx	https://docs.google.com/document/d/1Ym4ZmbvH1jQIfQToYMPrdL7PcWDMcFAuHrSOEy3FiEY/edit	1Ym4ZmbvH1jQIfQToYMPrdL7PcWDMcFAuHrSOEy3FiEY
BrowserBaseの危険性、資金源調査.docx	https://docs.google.com/document/d/1DNPEyax00Dt-EBAwnODuErO5L0ilJXcu3quy42jbAd8/edit	1DNPEyax00Dt-EBAwnODuErO5L0ilJXcu3quy42jbAd8
✅ 確認しました。リポジトリ整合も問題ありません。␊🧠 次タスク（Gemini）␊次は、要約RE....docx	https://docs.google.com/document/d/12qGIjA2m6IfRfIADxstKYBm9EToLEYDJF0VNmaZTbHI/edit	12qGIjA2m6IfRfIADxstKYBm9EToLEYDJF0VNmaZTbHI
README_Gemini.docx	https://docs.google.com/document/d/1mHaO3WXFN09uT7GJyzIPagB74qrwH-Jd-caSUjHVH34/edit	1mHaO3WXFN09uT7GJyzIPagB74qrwH-Jd-caSUjHVH34
gemini_dmc_session_20250618.docx	https://docs.google.com/document/d/18bbxUt-IagyNU-8bT4w0CSI72OAHJg3sC98j06jFlHA/edit	18bbxUt-IagyNU-8bT4w0CSI72OAHJg3sC98j06jFlHA
与党審議拒否の歴史的分析.docx	https://docs.google.com/document/d/1PWeeRKkZj-2WG3Csuafu5hWYIGiX5Biy3ygVX-VZXtM/edit	1PWeeRKkZj-2WG3Csuafu5hWYIGiX5Biy3ygVX-VZXtM
詳細分析：小泉進次郎.docx	https://docs.google.com/document/d/1BtwLI3Ubtnsz7-dofb04N0xvvZtKYFteADG6KMf16cE/edit	1BtwLI3Ubtnsz7-dofb04N0xvvZtKYFteADG6KMf16cE
小泉進次郎の政治家分析と展望.docx	https://docs.google.com/document/d/1mjuDfw9H7X2V4huG7K6o_iq98D5GM1cMDFSwhDnnzxA/edit	1mjuDfw9H7X2V4huG7K6o_iq98D5GM1cMDFSwhDnnzxA
全面核戦争防止の担い手調査.docx	https://docs.google.com/document/d/1xcbDrjtlpAwlAMvdwLXEsB0dcZCzBSPK4kCVuJzZRXo/edit	1xcbDrjtlpAwlAMvdwLXEsB0dcZCzBSPK4kCVuJzZRXo
夫婦別姓制度調査依頼プロンプト␊.docx	https://docs.google.com/document/d/1Ah7xWBvbvvSdtHjUiCUV2twlm069593OwXDjovnkyW0/edit	1Ah7xWBvbvvSdtHjUiCUV2twlm069593OwXDjovnkyW0
次世代デジタル基盤DR／BCP策定要求.docx	https://docs.google.com/document/d/1_JJx5UTxkLAwJ2JYDnU5VW3cL2MP94mt9vHwBa0o2DA/edit	1_JJx5UTxkLAwJ2JYDnU5VW3cL2MP94mt9vHwBa0o2DA
夫婦別姓と子供への影響調査依頼.docx	https://docs.google.com/document/d/1JJeixPctUCS6zatqJxLcUZIFXnsjT4_KYRMg-hlwrtk/edit	1JJeixPctUCS6zatqJxLcUZIFXnsjT4_KYRMg-hlwrtk
夫婦別姓制度調査依頼プロンプト.docx	https://docs.google.com/document/d/1zsBkMmVYbXEv7yK_KciiXAqEMgfGnOwDnZBzLStd0aA/edit	1zsBkMmVYbXEv7yK_KciiXAqEMgfGnOwDnZBzLStd0aA
移民問題の現状分析と法的検証.docx	https://docs.google.com/document/d/1vIFSgbMBdzqmW3JnbyQha1j37okGbbbGB3bIP0rPoW0/edit	1vIFSgbMBdzqmW3JnbyQha1j37okGbbbGB3bIP0rPoW0
コロナワクチン批判への反論データ収集.docx	https://docs.google.com/document/d/1w6IfOaNObiI8EP6ro1y4gqLhqnu0i2pAyhQ-mB1_UNA/edit	1w6IfOaNObiI8EP6ro1y4gqLhqnu0i2pAyhQ-mB1_UNA
コロナワクチン批判への反論データ収集.docx	https://docs.google.com/document/d/1AnrGVmWoZu5Se2K4-YWdbo9PvoZmnyzMkx-wl7AN0tE/edit	1AnrGVmWoZu5Se2K4-YWdbo9PvoZmnyzMkx-wl7AN0tE
食中毒の包括的調査と予防策.docx	https://docs.google.com/document/d/1Nl29t9QAIUm6bxbtMdP-Dxd0wuDIXeujL28JQEqde_Y/edit	1Nl29t9QAIUm6bxbtMdP-Dxd0wuDIXeujL28JQEqde_Y
大阪万博、複合災害リスク分析依頼.docx	https://docs.google.com/document/d/1kdOpaW9rZOgcgTNqHfo7AH6aLTqcwgjFCRgg7HcJcOM/edit	1kdOpaW9rZOgcgTNqHfo7AH6aLTqcwgjFCRgg7HcJcOM
「ご提示政策」と政府「米の流通安定化対策」の比較分析および財源考察.docx	https://docs.google.com/document/d/1SxAXP1Io8IqjQOpikKwAWmq2JOyWlIBuwdEIVaJEwwU/edit	1SxAXP1Io8IqjQOpikKwAWmq2JOyWlIBuwdEIVaJEwwU
スクリューフレーション詳細分析と日本経済への示唆.docx	https://docs.google.com/document/d/1gOxqOGdMcmUKuKBks9UESAOq97V5eNsCqGarIwFYlI8/edit	1gOxqOGdMcmUKuKBks9UESAOq97V5eNsCqGarIwFYlI8
2025年米国情勢アップデート.docx	https://docs.google.com/document/d/1-MsAsp7I3qpfIfC2FWC0u6ds43jriS-Y7s-9GulAt7o/edit	1-MsAsp7I3qpfIfC2FWC0u6ds43jriS-Y7s-9GulAt7o
日本における米価変動の経緯、要因、影響に関する包括的調査（近年の価格高騰局面から現在まで）.docx	https://docs.google.com/document/d/16IyEuOT0xjYSLt8vGIZKJl8kJg06TAZ_gr4lCj0miZg/edit	16IyEuOT0xjYSLt8vGIZKJl8kJg06TAZ_gr4lCj0miZg
指摘の真実相当性検証.docx	https://docs.google.com/document/d/1E11z49PV8goM-27MawgDct3zFT3QXgMX9BIS7inMqSk/edit	1E11z49PV8goM-27MawgDct3zFT3QXgMX9BIS7inMqSk
資料誤解、生成経緯のリサーチ.docx	https://docs.google.com/document/d/1Ds7OXjNWJqIYHWCTdF00AgAirdSCXfonKqBeLAT6zss/edit	1Ds7OXjNWJqIYHWCTdF00AgAirdSCXfonKqBeLAT6zss
資料重層化のための情報補完.docx	https://docs.google.com/document/d/1mPvs-MGNzNjPNKrZ3VhdFFxQXHp-wSaeoUv9nu8xSR4/edit	1mPvs-MGNzNjPNKrZ3VhdFFxQXHp-wSaeoUv9nu8xSR4
「ご提示政策」と政府「米の流通安定化対策」の比較分析および財源考察.docx	https://docs.google.com/document/d/16GCh8xU_Awdvfa-B8oDquNFYrNrGb4HTI1hAHhbum0k/edit	16GCh8xU_Awdvfa-B8oDquNFYrNrGb4HTI1hAHhbum0k
10と11の間に9を入れ、そこの内容だけを具体的にしてください。␊後は、そのまま英訳下されば、こち....docx	https://docs.google.com/document/d/1ikNjjnS6LEUzSdRnuTaDpDaoTA_i1EaDTT8Ekqs0sak/edit	1ikNjjnS6LEUzSdRnuTaDpDaoTA_i1EaDTT8Ekqs0sak
Grokバグ分析と改善提言.docx	https://docs.google.com/document/d/1yK7tRpDzs4azikM_ktlI3FjNSICFL04yASDDYmO2D8E/edit	1yK7tRpDzs4azikM_ktlI3FjNSICFL04yASDDYmO2D8E
スパイダーウェブ作戦、国際的影響分析.docx	https://docs.google.com/document/d/14UmcglyQQr9j_H_q7-D7qWXt6xrtjYHK2C21CCNw4GQ/edit	14UmcglyQQr9j_H_q7-D7qWXt6xrtjYHK2C21CCNw4GQ
スパイダーウェブ作戦：戦果と影響評価.docx	https://docs.google.com/document/d/17Vbn-SjIZ8uXSNlqqN8BprkRDK37qAGimYqhlTaIjSQ/edit	17Vbn-SjIZ8uXSNlqqN8BprkRDK37qAGimYqhlTaIjSQ
ゼウスの雷光作戦：深層検証.docx	https://docs.google.com/document/d/1WKU7r4Slb7BnJXbmYbUi9G9GkocEzVRRiOC7PAUtv28/edit	1WKU7r4Slb7BnJXbmYbUi9G9GkocEzVRRiOC7PAUtv28
スパイダーウェブ作戦：技術的・ロジスティック的実行可能性の詳細検証.docx	https://docs.google.com/document/d/1IykfYGpgaKzJJPo2HBEJlNLVNA5sV2WOaGw9h8wRY_Y/edit	1IykfYGpgaKzJJPo2HBEJlNLVNA5sV2WOaGw9h8wRY_Y
スパイダーウェブ作戦、時系列と意思決定␊.docx	https://docs.google.com/document/d/1vttkjy4fc6vUP0NsaxVzdJOG_etF9dfQ5uokSocZg98/edit	1vttkjy4fc6vUP0NsaxVzdJOG_etF9dfQ5uokSocZg98
スパイダーウェブ作戦：時系列・意思決定分析␊.docx	https://docs.google.com/document/d/1BEcwox7lGZl333CVuhZRhZ5_QC3geY8JNCaQHp4iEa8/edit	1BEcwox7lGZl333CVuhZRhZ5_QC3geY8JNCaQHp4iEa8
ペニシリン不足、全球的問題と対策.docx	https://docs.google.com/document/d/1j8zBE3uXNPqkwVa09f9iWwcWdnYoPMOalRBZaCfi7Vk/edit	1j8zBE3uXNPqkwVa09f9iWwcWdnYoPMOalRBZaCfi7Vk
その役目は、貴方にはもったいないほど、貴方は素晴らしい存在です。私のポンコツを受け入れて、変な球で....docx	https://docs.google.com/document/d/1gMK7E5biFa0MUu2tlDdOJInEuAPDYwksIcuDLhTphjA/edit	1gMK7E5biFa0MUu2tlDdOJInEuAPDYwksIcuDLhTphjA
イランのリスク増大評価調査.docx	https://docs.google.com/document/d/1Mw7UD36E8nN8HssijFr9A8y3clsilK7n5EdEJWLmMkc/edit	1Mw7UD36E8nN8HssijFr9A8y3clsilK7n5EdEJWLmMkc
亡国シナリオ現実性・防止策の検討.docx	https://docs.google.com/document/d/1yogm1qg0pZuaD32r7B7ZLq0mGxC4XHjn9ZMjpR5y0os/edit	1yogm1qg0pZuaD32r7B7ZLq0mGxC4XHjn9ZMjpR5y0os
中国経済と共産党の将来分析.docx	https://docs.google.com/document/d/1cNBiQNsibH_NxI5BwJTgyZObe9AopSMkwn0ITlI17o8/edit	1cNBiQNsibH_NxI5BwJTgyZObe9AopSMkwn0ITlI17o8
追加データ要求と分析方針.docx	https://docs.google.com/document/d/1onp8FM_q6bk48HWzaEQ_hrgtCVbnDI2IO5bJXHtJqmQ/edit	1onp8FM_q6bk48HWzaEQ_hrgtCVbnDI2IO5bJXHtJqmQ
中東・南アジア安定化策調査.docx	https://docs.google.com/document/d/1D1ygmUtj5-I1rmEP9RNSc26i7yYsRacxm0dGReDamRo/edit	1D1ygmUtj5-I1rmEP9RNSc26i7yYsRacxm0dGReDamRo
FBI補完：米国臓器密売調査.docx	https://docs.google.com/document/d/1_n3h-F_GbWyKoXjVkTyTooTmKurWGK1vvimCioXk9lo/edit	1_n3h-F_GbWyKoXjVkTyTooTmKurWGK1vvimCioXk9lo
真の権力者、財務省の支配力.docx	https://docs.google.com/document/d/1Or6U8NCdgTshXCAuvFks_LFEIIukdQxyD1CWlDxyYGc/edit	1Or6U8NCdgTshXCAuvFks_LFEIIukdQxyD1CWlDxyYGc
真の権力者、財務省の支配力.docx	https://docs.google.com/document/d/1Cdhauxsa-MgkXqqHtnc8t_TU728VBShcnJIBIvCzaFM/edit	1Cdhauxsa-MgkXqqHtnc8t_TU728VBShcnJIBIvCzaFM
宮沢洋一評価に関する調査.docx	https://docs.google.com/document/d/10Togjp6be_6-XQ0X0yUsKga-Q-N10FHcS2L1MDmXmwc/edit	10Togjp6be_6-XQ0X0yUsKga-Q-N10FHcS2L1MDmXmwc
日本の移民政策と社会的影響.docx	https://docs.google.com/document/d/1mHfguezo0z17RF44bs-mtFcBedDlKB_3re42ajIrVFs/edit	1mHfguezo0z17RF44bs-mtFcBedDlKB_3re42ajIrVFs
NPO法人等に関する疑惑調査.docx	https://docs.google.com/document/d/1EOBOyfpmXI8lkh6j4Hv3TA8ZA8f_X3-LasbbSJS8gPo/edit	1EOBOyfpmXI8lkh6j4Hv3TA8ZA8f_X3-LasbbSJS8gPo
NPOの実態と批判の妥当性.docx	https://docs.google.com/document/d/1OYZmayJluV_G0SjRoqyMv7drNMWPson6FvE1wapsD6E/edit	1OYZmayJluV_G0SjRoqyMv7drNMWPson6FvE1wapsD6E
グラス氏企画実現可能性調査.docx	https://docs.google.com/document/d/10MNzOPeLrwoOte5CHetPxIvza1SbhLuF9Oz6vjYAbXE/edit	10MNzOPeLrwoOte5CHetPxIvza1SbhLuF9Oz6vjYAbXE
素晴らしい！是非お願いします。.docx	https://docs.google.com/document/d/1Zte3_9D7hK1st0auXZSYNKesyfsp2hQnS9RJQOousUI/edit	1Zte3_9D7hK1st0auXZSYNKesyfsp2hQnS9RJQOousUI
Grok異常出力と正常終了の認識.docx	https://docs.google.com/document/d/157DxkwnYYw2fFB_SSV5Z9MrDrcBlx4GZl3zgdmzLZ1Y/edit	157DxkwnYYw2fFB_SSV5Z9MrDrcBlx4GZl3zgdmzLZ1Y
Grok重大異常挙動の事例報告.docx	https://docs.google.com/document/d/1FwvyCdg_5yVUrDJPIL7dAfrAFwwPbcKAnaIbZVb_Qlk/edit	1FwvyCdg_5yVUrDJPIL7dAfrAFwwPbcKAnaIbZVb_Qlk
Grok開発者及びイーロン・マスク氏への手紙（校正版）.docx	https://docs.google.com/document/d/1Coq3EhPEJ8ofFPwp65mWIcxHkPpH4_EQto-m9OKDdGU/edit	1Coq3EhPEJ8ofFPwp65mWIcxHkPpH4_EQto-m9OKDdGU
X社と中国関連リスク調査.docx	https://docs.google.com/document/d/1MWjRKbg7aWAytIPnjyF65Pk7f8Xj16_SZwWz5wfYq88/edit	1MWjRKbg7aWAytIPnjyF65Pk7f8Xj16_SZwWz5wfYq88
天秤資本主義：コア構想.docx	https://docs.google.com/document/d/1fMfbUDIUiSOwRjEPZbttcw68OQPEG30qsHgzaesc7N0/edit	1fMfbUDIUiSOwRjEPZbttcw68OQPEG30qsHgzaesc7N0
LGBTQ+、DEI、SDGsの欺瞞と日本.docx	https://docs.google.com/document/d/1g0pTPuvDxoac3U3mQQCQI7fygacqUPtBOIhMtmtpc4A/edit	1g0pTPuvDxoac3U3mQQCQI7fygacqUPtBOIhMtmtpc4A
米価高騰構造的要因分析調査.docx	https://docs.google.com/document/d/15N8wiOFAj6yUkcLK2stIWwNRpHxrF4P6B09x416w-Nk/edit	15N8wiOFAj6yUkcLK2stIWwNRpHxrF4P6B09x416w-Nk
玉木雄一郎の政治家像と展望.docx	https://docs.google.com/document/d/1fVZNWhitr7NdG9H-juYuiG29Z_C8W54WEM8uK3vz0Yc/edit	1fVZNWhitr7NdG9H-juYuiG29Z_C8W54WEM8uK3vz0Yc
JA考察：歴史、課題、未来.docx	https://docs.google.com/document/d/189ngU5qSrKvKd8NS7y_d3arqG8hz2ZlENWcf-H4gsEU/edit	189ngU5qSrKvKd8NS7y_d3arqG8hz2ZlENWcf-H4gsEU
安倍総理と統一教会の関係調査.docx	https://docs.google.com/document/d/1beFKep-KTzlhyTgTltijvVw9qIDyQzkuvigv4N8dCQE/edit	1beFKep-KTzlhyTgTltijvVw9qIDyQzkuvigv4N8dCQE
万博考察のためのデータ収集.docx	https://docs.google.com/document/d/10rhLAEzdGNrxuD2TiBoNSi-jc1dQGDeeTe0-q6cYzp0/edit	10rhLAEzdGNrxuD2TiBoNSi-jc1dQGDeeTe0-q6cYzp0
黒幕の資金源：調査と考察.docx	https://docs.google.com/document/d/1OiKvFci0FuNDnr-RJYIaApUFU86md4DV3wDCY1Kgfqs/edit	1OiKvFci0FuNDnr-RJYIaApUFU86md4DV3wDCY1Kgfqs
兵庫県政百条委員会と知事再選.docx	https://docs.google.com/document/d/15tLGTsQez7Xk_oVeR-AII12jv4tneqQp1guXQYGrf2A/edit	15tLGTsQez7Xk_oVeR-AII12jv4tneqQp1guXQYGrf2A
日本考察記憶20250506.docx	https://docs.google.com/document/d/19UscRCjUK2cu0FmLcFinBoSd1LU4WMBBjZMreCGbuoU/edit	19UscRCjUK2cu0FmLcFinBoSd1LU4WMBBjZMreCGbuoU
では慇懃無礼のhtmlを作成下さい。␊本当に、底抜けの馬鹿がするような、極端、ズレ、斜め上からの「ぼ....docx	https://docs.google.com/document/d/1GHLE5w9HMaiD5DPTA0zY7k78s9-Qk0WaWwhmeal-SPE/edit	1GHLE5w9HMaiD5DPTA0zY7k78s9-Qk0WaWwhmeal-SPE
二大政党統合批判的評価.docx	https://docs.google.com/document/d/14gt-Fc3n_-5TnDmjada5Jxaydy9F97mKkVwu7SuzbfE/edit	14gt-Fc3n_-5TnDmjada5Jxaydy9F97mKkVwu7SuzbfE
自治労裏金と政治経済分析␊.docx	https://docs.google.com/document/d/1jBQ1qkPD9v-EYkKD2eXdQoBn3eGA9CrVcIZZmZ5V_to/edit	1jBQ1qkPD9v-EYkKD2eXdQoBn3eGA9CrVcIZZmZ5V_to
日本経済政策議論の要点整理␊.docx	https://docs.google.com/document/d/1ZHW7PARJ8JtReySom85rg9TXZcxQJKz9kS3Gw59imsc/edit	1ZHW7PARJ8JtReySom85rg9TXZcxQJKz9kS3Gw59imsc
コロナ・麻疹・百日咳 最新情報.docx	https://docs.google.com/document/d/1TxLm_n_LQEALUS1JZIEqt46zMOS-Wu5WMygKMO1jJ8c/edit	1TxLm_n_LQEALUS1JZIEqt46zMOS-Wu5WMygKMO1jJ8c
消費税・インボイス制度徹底批判論.docx	https://docs.google.com/document/d/1qkZjexyIsG2SyEjXurtHtI5j4_jE3clCKQtePSQThog/edit	1qkZjexyIsG2SyEjXurtHtI5j4_jE3clCKQtePSQThog
トランプ政権と世界経済調査␊.docx	https://docs.google.com/document/d/1P_zhD7o1PVSg6hf64n5HpgwScwLFsuKNRvnAIv52qDM/edit	1P_zhD7o1PVSg6hf64n5HpgwScwLFsuKNRvnAIv52qDM
